Workbook
Name FIXTURE_IDS: OFFSET(DAFTAR_FIXTURE!$A$2,0,0,MAX(1,COUNTA(DAFTAR_FIXTURE!$A$2:$A$51)),1)

Sheet PETUNJUK
A1: TEMPLATE DATA PLANOGRAM
A2: Isi sheet DATA dari kiri ke kanan. Satu baris = satu SKU. Kolom A–K = template wajib internal. Kolom L ke kanan = penempatan fixture khusus untuk HTML planogram.
A4: LANGKAH 1 — TEMPLATE WAJIB INTERNAL (kolom A–K)
A5: DEPT, COMM, CLASS | B5: Hirarki produk dari data master. Dipakai sebagai filter di aplikasi.
A6: SKU * | B6: Kode artikel. Wajib. Dipakai juga untuk membentuk link gambar.
A7: SKU DESCRIPTION * | B7: Nama item. Wajib. Tampil di kartu produk.
A8: STOCK | B8: Informasi stok SKU (dari data master).
A9: GRUP DISPLAY | B9: Contoh: PENYIMPANAN, MAKAN, MASAK. Dipakai sebagai filter. Isi "X" dianggap kosong.
A10: GRUP ADJACENCY | B10: Contoh: E4. CANISTER, A2. SERVINGWARE. Dipakai sebagai filter.
A11: SERIES / SUB SERIES | B11: Contoh: GLASS FANCY, POLLA. Dipakai sebagai filter.
A12: LINK IMAGE | B12: Opsional. Kosong = otomatis: https://cdn.ruparupa.io/fit-in/850x850/ruparupa-com/image/upload/Products/[SKU]_1.jpg
A14: LANGKAH 2 — PENEMPATAN KE FIXTURE, SAMPAI 3 FIXTURE PER SKU (header hijau)
A15: FIXTURE 1 (kolom L–N) | B15: ID FIXTURE 1 (dropdown dari sheet DAFTAR_FIXTURE), ZONA NO 1 (dari atas, mulai 1; lihat sheet LAYOUT), JENIS ZONA 1 (Rak / Gantungan).
A16: FIXTURE 2 (kolom Q–S) | B16: Isi jika SKU yang sama juga ditampilkan di fixture lain (mis. Wall dan Gondola). Kosongkan jika tidak dipakai.
A17: FIXTURE 3 (kolom V–X) | B17: Cadangan untuk fixture ketiga. Kosongkan jika tidak dipakai.
A19: LANGKAH 3 — OTOMATIS (header abu-abu, jangan diisi / dihapus)
A20: JENIS FIXTURE 1 / 2 / 3 | B20: Dibaca dari ID FIXTURE (sheet DAFTAR_FIXTURE).
A21: STATUS 1 / 2 / 3 | B21: OK / Zona STOCK / Belum ditempatkan / CEK + penyebab. Semua penempatan harus OK sebelum diimpor.
A23: ATURAN PENEMPATAN
A24: 1. Satu baris = satu SKU. SKU yang sama tidak perlu ditulis lagi untuk fixture kedua / ketiga: isi kolom Fixture 2 / Fixture 3 pada baris yang sama.
A25: 2. Jika satu SKU perlu lebih dari 3 penempatan (mis. di banyak zona), tulis SKU itu lagi di baris baru.
A26: 3. Urutan item dari kiri ke kanan dalam satu zona mengikuti urutan baris di Excel (baris atas lebih dulu).
A27: 4. Jumlah item yang tampil = jumlah penempatan. Tidak ada facing, susun, ukuran, brand, atau prioritas.
A28: 5. Zona yang tidak berisi item (baris ID FIXTURE 1 + ZONA NO 1 tanpa SKU, atau zona yang tidak ditulis sama sekali) dianggap tempat STOCK dan ditulis STOCK di planogram.
A29: 6. Baris yang hanya berisi data SKU (tanpa ID FIXTURE) = masuk daftar SKU saja, belum ditempatkan.
A30: 7. Isi GRUP DISPLAY, GRUP ADJACENCY, SERIES dengan ejaan konsisten agar pilihan filter di aplikasi tidak terpecah.
A31: Buka dulu di Excel lalu simpan agar kolom otomatis terhitung sebelum diimpor.
A33: SHEET DIMENSI (OPSIONAL) — ukuran kemasan untuk menghitung muat berapa pcs
A34: Kapan dipakai | B34: Hanya jika sheet DIMENSI berisi data DAN pengguna meminta di aplikasi. Kosong = aplikasi berjalan seperti biasa.
A35: SKU * | B35: Harus sama dengan kolom SKU di sheet DATA. Satu SKU satu baris.
A36: LEBAR / TINGGI / KEDALAMAN (cm) * | B36: Ukuran kemasan saat dipajang. LEBAR = sisi yang menghadap depan (kiri-kanan); TINGGI = atas-bawah; KEDALAMAN = depan-belakang. Untuk kemasan gantung, kedalaman = tebal kemasan.
A37: FACING | B37: Jumlah deretan produk berdampingan di depan. Kosong = 1.
A38: MAKS SUSUN | B38: Boleh ditumpuk berapa tingkat. Kosong atau 1 = tidak ditumpuk.
A39: BOLEH DIPUTAR | B39: Ya = lebar dan kedalaman boleh ditukar bila itu membuat lebih banyak yang muat. Kosong = Tidak.
A40: Kolom otomatis | B40: Deskripsi, estimasi pcs per facing (gambaran cepat rak Gondola), dan STATUS. Jangan diisi atau dihapus.
A42: SHEET SAMBUNG (OPSIONAL) — template urutan fixture yang disambung, per kategori
A43: Fungsi | B43: Menyimpan urutan fixture yang tampil menempel (Sambung visual) di aplikasi. Muncul sebagai pilihan "Template sambungan dari Excel". Kosong = tidak ada template.
A44: SAMBUNGAN * | B44: Nama rangkaian, bebas (mis. WALL-RUN-1). Baris dengan nama sama = satu rangkaian.
A45: KATEGORI * | B45: Wall, Gondola, atau Pallet. Satu rangkaian satu kategori. Endcap tidak ikut sambung.
A46: URUTAN * | B46: Nomor urut dari kiri ke kanan, mulai 1.
A47: ID FIXTURE * | B47: Pilih dari dropdown (sheet DAFTAR_FIXTURE). Jenis fixture harus sesuai KATEGORI.
A48: SERIES | B48: Opsional. Kosong = semua isi fixture tampil. Diisi = hanya produk series itu yang tampil di fixture tersebut.
A49: Kolom otomatis | B49: Jenis fixture, kategori fixture, dan STATUS (OK atau CEK + penyebab). Jangan diisi atau dihapus.

Sheet DATA
A1: DEPT | B1: COMM | C1: CLASS | D1: SKU | E1: SKU DESCRIPTION | F1: STOCK | G1: GRUP DISPLAY | H1: GRUP ADJACENCY | I1: SERIES | J1: SUB SERIES* | K1: LINK IMAGE (opsional) | L1: ID FIXTURE 1 | M1: ZONA NO 1 | N1: JENIS ZONA 1 | O1: JENIS FIXTURE 1 (otomatis) | P1: STATUS 1 (otomatis) | Q1: ID FIXTURE 2 | R1: ZONA NO 2 | S1: JENIS ZONA 2 | T1: JENIS FIXTURE 2 (otomatis) | U1: STATUS 2 (otomatis) | V1: ID FIXTURE 3 | W1: ZONA NO 3 | X1: JENIS ZONA 3 | Y1: JENIS FIXTURE 3 (otomatis) | Z1: STATUS 3 (otomatis)
A2: Homeware | B2: Tableware | C2: Plates & Bowls | D2: 238181 | E2: COUPE PLATE 16 CM SIMPLE PLUS | L2: WLL-01 | M2: 1 | N2: Rak | O2: =IF(L2="","",IFERROR(INDEX(DAFTAR_FIXTURE!$B$2:$B$51,MATCH(L2,DAFTAR_FIXTURE!$A$2:$A$51,0)),"")) | P2: =IF(AND($D2="",L2=""),"",IF(L2="",IF(AND(Q2="",V2=""),"Belum ditempatkan",""),IF(O2="","CEK ID FIXTURE tidak ada di DAFTAR_FIXTURE",IF(M2="","CEK ZONA NO kosong",IF(ISNA(MATCH(O2&"|"&M2,LAYOUT!$E$2:$E$80,0)),"CEK ZONA NO di luar layout",IF(N2<>INDEX(LAYOUT!$D$2:$D$80,MATCH(O2&"|"&M2,LAYOUT!$E$2:$E$80,0)),"CEK JENIS ZONA",IF($D2="","Zona STOCK",IF($E2="","CEK SKU DESCRIPTION kosong","OK")))))))) | T2: =IF(Q2="","",IFERROR(INDEX(DAFTAR_FIXTURE!$B$2:$B$51,MATCH(Q2,DAFTAR_FIXTURE!$A$2:$A$51,0)),"")) | U2: =IF(Q2="","",IF(T2="","CEK ID FIXTURE tidak ada di DAFTAR_FIXTURE",IF(R2="","CEK ZONA NO kosong",IF(ISNA(MATCH(T2&"|"&R2,LAYOUT!$E$2:$E$80,0)),"CEK ZONA NO di luar layout",IF(S2<>INDEX(LAYOUT!$D$2:$D$80,MATCH(T2&"|"&R2,LAYOUT!$E$2:$E$80,0)),"CEK JENIS ZONA",IF($D2="","Zona STOCK",IF($E2="","CEK SKU DESCRIPTION kosong","OK"))))))) | Y2: =IF(V2="","",IFERROR(INDEX(DAFTAR_FIXTURE!$B$2:$B$51,MATCH(V2,DAFTAR_FIXTURE!$A$2:$A$51,0)),"")) | Z2: =IF(V2="","",IF(Y2="","CEK ID FIXTURE tidak ada di DAFTAR_FIXTURE",IF(W2="","CEK ZONA NO kosong",IF(ISNA(MATCH(Y2&"|"&W2,LAYOUT!$E$2:$E$80,0)),"CEK ZONA NO di luar layout",IF(X2<>INDEX(LAYOUT!$D$2:$D$80,MATCH(Y2&"|"&W2,LAYOUT!$E$2:$E$80,0)),"CEK JENIS ZONA",IF($D2="","Zona STOCK",IF($E2="","CEK SKU DESCRIPTION kosong","OK")))))))
A3: Homeware | B3: Cookware | C3: Casserole | D3: 10445959 | E3: CASSEROLE RECT GOLD MARBLE W/LID 33CM | G3: MASAK | H3: B1. CASSEROLE | I3: GOLD MARBLE | L3: WLL-01 | M3: 2 | N3: Rak | O3: =IF(L3="","",IFERROR(INDEX(DAFTAR_FIXTURE!$B$2:$B$51,MATCH(L3,DAFTAR_FIXTURE!$A$2:$A$51,0)),"")) | P3: =IF(AND($D3="",L3=""),"",IF(L3="",IF(AND(Q3="",V3=""),"Belum ditempatkan",""),IF(O3="","CEK ID FIXTURE tidak ada di DAFTAR_FIXTURE",IF(M3="","CEK ZONA NO kosong",IF(ISNA(MATCH(O3&"|"&M3,LAYOUT!$E$2:$E$80,0)),"CEK ZONA NO di luar layout",IF(N3<>INDEX(LAYOUT!$D$2:$D$80,MATCH(O3&"|"&M3,LAYOUT!$E$2:$E$80,0)),"CEK JENIS ZONA",IF($D3="","Zona STOCK",IF($E3="","CEK SKU DESCRIPTION kosong","OK")))))))) | Q3: WLL-02 | R3: 2 | S3: Rak | T3: =IF(Q3="","",IFERROR(INDEX(DAFTAR_FIXTURE!$B$2:$B$51,MATCH(Q3,DAFTAR_FIXTURE!$A$2:$A$51,0)),"")) | U3: =IF(Q3="","",IF(T3="","CEK ID FIXTURE tidak ada di DAFTAR_FIXTURE",IF(R3="","CEK ZONA NO kosong",IF(ISNA(MATCH(T3&"|"&R3,LAYOUT!$E$2:$E$80,0)),"CEK ZONA NO di luar layout",IF(S3<>INDEX(LAYOUT!$D$2:$D$80,MATCH(T3&"|"&R3,LAYOUT!$E$2:$E$80,0)),"CEK JENIS ZONA",IF($D3="","Zona STOCK",IF($E3="","CEK SKU DESCRIPTION kosong","OK"))))))) | V3: GND-01 | W3: 1 | X3: Rak | Y3: =IF(V3="","",IFERROR(INDEX(DAFTAR_FIXTURE!$B$2:$B$51,MATCH(V3,DAFTAR_FIXTURE!$A$2:$A$51,0)),"")) | Z3: =IF(V3="","",IF(Y3="","CEK ID FIXTURE tidak ada di DAFTAR_FIXTURE",IF(W3="","CEK ZONA NO kosong",IF(ISNA(MATCH(Y3&"|"&W3,LAYOUT!$E$2:$E$80,0)),"CEK ZONA NO di luar layout",IF(X3<>INDEX(LAYOUT!$D$2:$D$80,MATCH(Y3&"|"&W3,LAYOUT!$E$2:$E$80,0)),"CEK JENIS ZONA",IF($D3="","Zona STOCK",IF($E3="","CEK SKU DESCRIPTION kosong","OK")))))))
A4: Homeware | B4: Cookware | C4: Casserole | D4: 10445960 | E4: CASSEROLE OVAL GOLD MARBLE W/LID 33CM | G4: MASAK | H4: B1. CASSEROLE | I4: GOLD MARBLE | L4: WLL-01 | M4: 2 | N4: Rak | O4: =IF(L4="","",IFERROR(INDEX(DAFTAR_FIXTURE!$B$2:$B$51,MATCH(L4,DAFTAR_FIXTURE!$A$2:$A$51,0)),"")) | P4: =IF(AND($D4="",L4=""),"",IF(L4="",IF(AND(Q4="",V4=""),"Belum ditempatkan",""),IF(O4="","CEK ID FIXTURE tidak ada di DAFTAR_FIXTURE",IF(M4="","CEK ZONA NO kosong",IF(ISNA(MATCH(O4&"|"&M4,LAYOUT!$E$2:$E$80,0)),"CEK ZONA NO di luar layout",IF(N4<>INDEX(LAYOUT!$D$2:$D$80,MATCH(O4&"|"&M4,LAYOUT!$E$2:$E$80,0)),"CEK JENIS ZONA",IF($D4="","Zona STOCK",IF($E4="","CEK SKU DESCRIPTION kosong","OK")))))))) | Q4: WLL-02 | R4: 2 | S4: Rak | T4: =IF(Q4="","",IFERROR(INDEX(DAFTAR_FIXTURE!$B$2:$B$51,MATCH(Q4,DAFTAR_FIXTURE!$A$2:$A$51,0)),"")) | U4: =IF(Q4="","",IF(T4="","CEK ID FIXTURE tidak ada di DAFTAR_FIXTURE",IF(R4="","CEK ZONA NO kosong",IF(ISNA(MATCH(T4&"|"&R4,LAYOUT!$E$2:$E$80,0)),"CEK ZONA NO di luar layout",IF(S4<>INDEX(LAYOUT!$D$2:$D$80,MATCH(T4&"|"&R4,LAYOUT!$E$2:$E$80,0)),"CEK JENIS ZONA",IF($D4="","Zona STOCK",IF($E4="","CEK SKU DESCRIPTION kosong","OK"))))))) | V4: GND-01 | W4: 1 | X4: Rak | Y4: =IF(V4="","",IFERROR(INDEX(DAFTAR_FIXTURE!$B$2:$B$51,MATCH(V4,DAFTAR_FIXTURE!$A$2:$A$51,0)),"")) | Z4: =IF(V4="","",IF(Y4="","CEK ID FIXTURE tidak ada di DAFTAR_FIXTURE",IF(W4="","CEK ZONA NO kosong",IF(ISNA(MATCH(Y4&"|"&W4,LAYOUT!$E$2:$E$80,0)),"CEK ZONA NO di luar layout",IF(X4<>INDEX(LAYOUT!$D$2:$D$80,MATCH(Y4&"|"&W4,LAYOUT!$E$2:$E$80,0)),"CEK JENIS ZONA",IF($D4="","Zona STOCK",IF($E4="","CEK SKU DESCRIPTION kosong","OK")))))))
A5: Homeware | B5: Cookware | C5: Casserole | D5: 10445961 | E5: CASSEROLE ROUND GOLD MARBLE W/LID 33CM | G5: MASAK | H5: B1. CASSEROLE | I5: GOLD MARBLE | L5: WLL-01 | M5: 2 | N5: Rak | O5: =IF(L5="","",IFERROR(INDEX(DAFTAR_FIXTURE!$B$2:$B$51,MATCH(L5,DAFTAR_FIXTURE!$A$2:$A$51,0)),"")) | P5: =IF(AND($D5="",L5=""),"",IF(L5="",IF(AND(Q5="",V5=""),"Belum ditempatkan",""),IF(O5="","CEK ID FIXTURE tidak ada di DAFTAR_FIXTURE",IF(M5="","CEK ZONA NO kosong",IF(ISNA(MATCH(O5&"|"&M5,LAYOUT!$E$2:$E$80,0)),"CEK ZONA NO di luar layout",IF(N5<>INDEX(LAYOUT!$D$2:$D$80,MATCH(O5&"|"&M5,LAYOUT!$E$2:$E$80,0)),"CEK JENIS ZONA",IF($D5="","Zona STOCK",IF($E5="","CEK SKU DESCRIPTION kosong","OK")))))))) | Q5: WLL-02 | R5: 2 | S5: Rak | T5: =IF(Q5="","",IFERROR(INDEX(DAFTAR_FIXTURE!$B$2:$B$51,MATCH(Q5,DAFTAR_FIXTURE!$A$2:$A$51,0)),"")) | U5: =IF(Q5="","",IF(T5="","CEK ID FIXTURE tidak ada di DAFTAR_FIXTURE",IF(R5="","CEK ZONA NO kosong",IF(ISNA(MATCH(T5&"|"&R5,LAYOUT!$E$2:$E$80,0)),"CEK ZONA NO di luar layout",IF(S5<>INDEX(LAYOUT!$D$2:$D$80,MATCH(T5&"|"&R5,LAYOUT!$E$2:$E$80,0)),"CEK JENIS ZONA",IF($D5="","Zona STOCK",IF($E5="","CEK SKU DESCRIPTION kosong","OK"))))))) | V5: GND-01 | W5: 1 | X5: Rak | Y5: =IF(V5="","",IFERROR(INDEX(DAFTAR_FIXTURE!$B$2:$B$51,MATCH(V5,DAFTAR_FIXTURE!$A$2:$A$51,0)),"")) | Z5: =IF(V5="","",IF(Y5="","CEK ID FIXTURE tidak ada di DAFTAR_FIXTURE",IF(W5="","CEK ZONA NO kosong",IF(ISNA(MATCH(Y5&"|"&W5,LAYOUT!$E$2:$E$80,0)),"CEK ZONA NO di luar layout",IF(X5<>INDEX(LAYOUT!$D$2:$D$80,MATCH(Y5&"|"&W5,LAYOUT!$E$2:$E$80,0)),"CEK JENIS ZONA",IF($D5="","Zona STOCK",IF($E5="","CEK SKU DESCRIPTION kosong","OK")))))))
A6: Homeware | B6: Cookware | C6: Casserole | D6: 10445962 | E6: CASSEROLE SQUARE GOLD MARBLE W/LID 33CM | G6: MASAK | H6: B1. CASSEROLE | I6: GOLD MARBLE | L6: WLL-01 | M6: 3 | N6: Rak | O6: =IF(L6="","",IFERROR(INDEX(DAFTAR_FIXTURE!$B$2:$B$51,MATCH(L6,DAFTAR_FIXTURE!$A$2:$A$51,0)),"")) | P6: =IF(AND($D6="",L6=""),"",IF(L6="",IF(AND(Q6="",V6=""),"Belum ditempatkan",""),IF(O6="","CEK ID FIXTURE tidak ada di DAFTAR_FIXTURE",IF(M6="","CEK ZONA NO kosong",IF(ISNA(MATCH(O6&"|"&M6,LAYOUT!$E$2:$E$80,0)),"CEK ZONA NO di luar layout",IF(N6<>INDEX(LAYOUT!$D$2:$D$80,MATCH(O6&"|"&M6,LAYOUT!$E$2:$E$80,0)),"CEK JENIS ZONA",IF($D6="","Zona STOCK",IF($E6="","CEK SKU DESCRIPTION kosong","OK")))))))) | Q6: WLL-02 | R6: 2 | S6: Rak | T6: =IF(Q6="","",IFERROR(INDEX(DAFTAR_FIXTURE!$B$2:$B$51,MATCH(Q6,DAFTAR_FIXTURE!$A$2:$A$51,0)),"")) | U6: =IF(Q6="","",IF(T6="","CEK ID FIXTURE tidak ada di DAFTAR_FIXTURE",IF(R6="","CEK ZONA NO kosong",IF(ISNA(MATCH(T6&"|"&R6,LAYOUT!$E$2:$E$80,0)),"CEK ZONA NO di luar layout",IF(S6<>INDEX(LAYOUT!$D$2:$D$80,MATCH(T6&"|"&R6,LAYOUT!$E$2:$E$80,0)),"CEK JENIS ZONA",IF($D6="","Zona STOCK",IF($E6="","CEK SKU DESCRIPTION kosong","OK"))))))) | V6: GND-01 | W6: 2 | X6: Rak | Y6: =IF(V6="","",IFERROR(INDEX(DAFTAR_FIXTURE!$B$2:$B$51,MATCH(V6,DAFTAR_FIXTURE!$A$2:$A$51,0)),"")) | Z6: =IF(V6="","",IF(Y6="","CEK ID FIXTURE tidak ada di DAFTAR_FIXTURE",IF(W6="","CEK ZONA NO kosong",IF(ISNA(MATCH(Y6&"|"&W6,LAYOUT!$E$2:$E$80,0)),"CEK ZONA NO di luar layout",IF(X6<>INDEX(LAYOUT!$D$2:$D$80,MATCH(Y6&"|"&W6,LAYOUT!$E$2:$E$80,0)),"CEK JENIS ZONA",IF($D6="","Zona STOCK",IF($E6="","CEK SKU DESCRIPTION kosong","OK")))))))
A7: Homeware | B7: Tableware | C7: Serving Set | D7: 10470029 | E7: SERVING SET W/RACK OCTAGON MARBLE (4) | G7: MAKAN | H7: A2. SERVINGWARE | I7: SERVING SET MARBLE | L7: WLL-01 | M7: 3 | N7: Rak | O7: =IF(L7="","",IFERROR(INDEX(DAFTAR_FIXTURE!$B$2:$B$51,MATCH(L7,DAFTAR_FIXTURE!$A$2:$A$51,0)),"")) | P7: =IF(AND($D7="",L7=""),"",IF(L7="",IF(AND(Q7="",V7=""),"Belum ditempatkan",""),IF(O7="","CEK ID FIXTURE tidak ada di DAFTAR_FIXTURE",IF(M7="","CEK ZONA NO kosong",IF(ISNA(MATCH(O7&"|"&M7,LAYOUT!$E$2:$E$80,0)),"CEK ZONA NO di luar layout",IF(N7<>INDEX(LAYOUT!$D$2:$D$80,MATCH(O7&"|"&M7,LAYOUT!$E$2:$E$80,0)),"CEK JENIS ZONA",IF($D7="","Zona STOCK",IF($E7="","CEK SKU DESCRIPTION kosong","OK")))))))) | Q7: WLL-02 | R7: 2 | S7: Rak | T7: =IF(Q7="","",IFERROR(INDEX(DAFTAR_FIXTURE!$B$2:$B$51,MATCH(Q7,DAFTAR_FIXTURE!$A$2:$A$51,0)),"")) | U7: =IF(Q7="","",IF(T7="","CEK ID FIXTURE tidak ada di DAFTAR_FIXTURE",IF(R7="","CEK ZONA NO kosong",IF(ISNA(MATCH(T7&"|"&R7,LAYOUT!$E$2:$E$80,0)),"CEK ZONA NO di luar layout",IF(S7<>INDEX(LAYOUT!$D$2:$D$80,MATCH(T7&"|"&R7,LAYOUT!$E$2:$E$80,0)),"CEK JENIS ZONA",IF($D7="","Zona STOCK",IF($E7="","CEK SKU DESCRIPTION kosong","OK"))))))) | V7: GND-01 | W7: 2 | X7: Rak | Y7: =IF(V7="","",IFERROR(INDEX(DAFTAR_FIXTURE!$B$2:$B$51,MATCH(V7,DAFTAR_FIXTURE!$A$2:$A$51,0)),"")) | Z7: =IF(V7="","",IF(Y7="","CEK ID FIXTURE tidak ada di DAFTAR_FIXTURE",IF(W7="","CEK ZONA NO kosong",IF(ISNA(MATCH(Y7&"|"&W7,LAYOUT!$E$2:$E$80,0)),"CEK ZONA NO di luar layout",IF(X7<>INDEX(LAYOUT!$D$2:$D$80,MATCH(Y7&"|"&W7,LAYOUT!$E$2:$E$80,0)),"CEK JENIS ZONA",IF($D7="","Zona STOCK",IF($E7="","CEK SKU DESCRIPTION kosong","OK")))))))
A8: Homeware | B8: Tableware | C8: Serving Set | D8: 10470030 | E8: SERVING SET RND DETACHABLE MARBLE (2) | G8: MAKAN | H8: A2. SERVINGWARE | I8: SERVING SET MARBLE | L8: WLL-01 | M8: 3 | N8: Rak | O8: =IF(L8="","",IFERROR(INDEX(DAFTAR_FIXTURE!$B$2:$B$51,MATCH(L8,DAFTAR_FIXTURE!$A$2:$A$51,0)),"")) | P8: =IF(AND($D8="",L8=""),"",IF(L8="",IF(AND(Q8="",V8=""),"Belum ditempatkan",""),IF(O8="","CEK ID FIXTURE tidak ada di DAFTAR_FIXTURE",IF(M8="","CEK ZONA NO kosong",IF(ISNA(MATCH(O8&"|"&M8,LAYOUT!$E$2:$E$80,0)),"CEK ZONA NO di luar layout",IF(N8<>INDEX(LAYOUT!$D$2:$D$80,MATCH(O8&"|"&M8,LAYOUT!$E$2:$E$80,0)),"CEK JENIS ZONA",IF($D8="","Zona STOCK",IF($E8="","CEK SKU DESCRIPTION kosong","OK")))))))) | Q8: WLL-02 | R8: 3 | S8: Rak | T8: =IF(Q8="","",IFERROR(INDEX(DAFTAR_FIXTURE!$B$2:$B$51,MATCH(Q8,DAFTAR_FIXTURE!$A$2:$A$51,0)),"")) | U8: =IF(Q8="","",IF(T8="","CEK ID FIXTURE tidak ada di DAFTAR_FIXTURE",IF(R8="","CEK ZONA NO kosong",IF(ISNA(MATCH(T8&"|"&R8,LAYOUT!$E$2:$E$80,0)),"CEK ZONA NO di luar layout",IF(S8<>INDEX(LAYOUT!$D$2:$D$80,MATCH(T8&"|"&R8,LAYOUT!$E$2:$E$80,0)),"CEK JENIS ZONA",IF($D8="","Zona STOCK",IF($E8="","CEK SKU DESCRIPTION kosong","OK"))))))) | V8: GND-01 | W8: 2 | X8: Rak | Y8: =IF(V8="","",IFERROR(INDEX(DAFTAR_FIXTURE!$B$2:$B$51,MATCH(V8,DAFTAR_FIXTURE!$A$2:$A$51,0)),"")) | Z8: =IF(V8="","",IF(Y8="","CEK ID FIXTURE tidak ada di DAFTAR_FIXTURE",IF(W8="","CEK ZONA NO kosong",IF(ISNA(MATCH(Y8&"|"&W8,LAYOUT!$E$2:$E$80,0)),"CEK ZONA NO di luar layout",IF(X8<>INDEX(LAYOUT!$D$2:$D$80,MATCH(Y8&"|"&W8,LAYOUT!$E$2:$E$80,0)),"CEK JENIS ZONA",IF($D8="","Zona STOCK",IF($E8="","CEK SKU DESCRIPTION kosong","OK")))))))
A9: Homeware | B9: Tableware | C9: Serving Set | D9: 10470031 | E9: SERVING SET W/RACK SQR MARBLE BLACK (3) | G9: MAKAN | H9: A2. SERVINGWARE | I9: SERVING SET MARBLE | L9: WLL-01 | M9: 4 | N9: Rak | O9: =IF(L9="","",IFERROR(INDEX(DAFTAR_FIXTURE!$B$2:$B$51,MATCH(L9,DAFTAR_FIXTURE!$A$2:$A$51,0)),"")) | P9: =IF(AND($D9="",L9=""),"",IF(L9="",IF(AND(Q9="",V9=""),"Belum ditempatkan",""),IF(O9="","CEK ID FIXTURE tidak ada di DAFTAR_FIXTURE",IF(M9="","CEK ZONA NO kosong",IF(ISNA(MATCH(O9&"|"&M9,LAYOUT!$E$2:$E$80,0)),"CEK ZONA NO di luar layout",IF(N9<>INDEX(LAYOUT!$D$2:$D$80,MATCH(O9&"|"&M9,LAYOUT!$E$2:$E$80,0)),"CEK JENIS ZONA",IF($D9="","Zona STOCK",IF($E9="","CEK SKU DESCRIPTION kosong","OK")))))))) | Q9: WLL-02 | R9: 3 | S9: Rak | T9: =IF(Q9="","",IFERROR(INDEX(DAFTAR_FIXTURE!$B$2:$B$51,MATCH(Q9,DAFTAR_FIXTURE!$A$2:$A$51,0)),"")) | U9: =IF(Q9="","",IF(T9="","CEK ID FIXTURE tidak ada di DAFTAR_FIXTURE",IF(R9="","CEK ZONA NO kosong",IF(ISNA(MATCH(T9&"|"&R9,LAYOUT!$E$2:$E$80,0)),"CEK ZONA NO di luar layout",IF(S9<>INDEX(LAYOUT!$D$2:$D$80,MATCH(T9&"|"&R9,LAYOUT!$E$2:$E$80,0)),"CEK JENIS ZONA",IF($D9="","Zona STOCK",IF($E9="","CEK SKU DESCRIPTION kosong","OK"))))))) | Y9: =IF(V9="","",IFERROR(INDEX(DAFTAR_FIXTURE!$B$2:$B$51,MATCH(V9,DAFTAR_FIXTURE!$A$2:$A$51,0)),"")) | Z9: =IF(V9="","",IF(Y9="","CEK ID FIXTURE tidak ada di DAFTAR_FIXTURE",IF(W9="","CEK ZONA NO kosong",IF(ISNA(MATCH(Y9&"|"&W9,LAYOUT!$E$2:$E$80,0)),"CEK ZONA NO di luar layout",IF(X9<>INDEX(LAYOUT!$D$2:$D$80,MATCH(Y9&"|"&W9,LAYOUT!$E$2:$E$80,0)),"CEK JENIS ZONA",IF($D9="","Zona STOCK",IF($E9="","CEK SKU DESCRIPTION kosong","OK")))))))
A10: Homeware | B10: Tableware | C10: Serving Set | D10: 10470032 | E10: SERVING SET W/RACK STACK WHITE (3) | G10: MAKAN | H10: A2. SERVINGWARE | I10: SERVING SET MARBLE | L10: WLL-01 | M10: 4 | N10: Rak | O10: =IF(L10="","",IFERROR(INDEX(DAFTAR_FIXTURE!$B$2:$B$51,MATCH(L10,DAFTAR_FIXTURE!$A$2:$A$51,0)),"")) | P10: =IF(AND($D10="",L10=""),"",IF(L10="",IF(AND(Q10="",V10=""),"Belum ditempatkan",""),IF(O10="","CEK ID FIXTURE tidak ada di DAFTAR_FIXTURE",IF(M10="","CEK ZONA NO kosong",IF(ISNA(MATCH(O10&"|"&M10,LAYOUT!$E$2:$E$80,0)),"CEK ZONA NO di luar layout",IF(N10<>INDEX(LAYOUT!$D$2:$D$80,MATCH(O10&"|"&M10,LAYOUT!$E$2:$E$80,0)),"CEK JENIS ZONA",IF($D10="","Zona STOCK",IF($E10="","CEK SKU DESCRIPTION kosong","OK")))))))) | Q10: WLL-02 | R10: 3 | S10: Rak | T10: =IF(Q10="","",IFERROR(INDEX(DAFTAR_FIXTURE!$B$2:$B$51,MATCH(Q10,DAFTAR_FIXTURE!$A$2:$A$51,0)),"")) | U10: =IF(Q10="","",IF(T10="","CEK ID FIXTURE tidak ada di DAFTAR_FIXTURE",IF(R10="","CEK ZONA NO kosong",IF(ISNA(MATCH(T10&"|"&R10,LAYOUT!$E$2:$E$80,0)),"CEK ZONA NO di luar layout",IF(S10<>INDEX(LAYOUT!$D$2:$D$80,MATCH(T10&"|"&R10,LAYOUT!$E$2:$E$80,0)),"CEK JENIS ZONA",IF($D10="","Zona STOCK",IF($E10="","CEK SKU DESCRIPTION kosong","OK"))))))) | Y10: =IF(V10="","",IFERROR(INDEX(DAFTAR_FIXTURE!$B$2:$B$51,MATCH(V10,DAFTAR_FIXTURE!$A$2:$A$51,0)),"")) | Z10: =IF(V10="","",IF(Y10="","CEK ID FIXTURE tidak ada di DAFTAR_FIXTURE",IF(W10="","CEK ZONA NO kosong",IF(ISNA(MATCH(Y10&"|"&W10,LAYOUT!$E$2:$E$80,0)),"CEK ZONA NO di luar layout",IF(X10<>INDEX(LAYOUT!$D$2:$D$80,MATCH(Y10&"|"&W10,LAYOUT!$E$2:$E$80,0)),"CEK JENIS ZONA",IF($D10="","Zona STOCK",IF($E10="","CEK SKU DESCRIPTION kosong","OK")))))))
A11: Homeware | B11: Tableware | C11: Serving Set | D11: 10470033 | E11: SERVING SET W/RACK CIRCLE BLACK (3) | G11: MAKAN | H11: A2. SERVINGWARE | I11: SERVING SET MARBLE | L11: WLL-01 | M11: 4 | N11: Rak | O11: =IF(L11="","",IFERROR(INDEX(DAFTAR_FIXTURE!$B$2:$B$51,MATCH(L11,DAFTAR_FIXTURE!$A$2:$A$51,0)),"")) | P11: =IF(AND($D11="",L11=""),"",IF(L11="",IF(AND(Q11="",V11=""),"Belum ditempatkan",""),IF(O11="","CEK ID FIXTURE tidak ada di DAFTAR_FIXTURE",IF(M11="","CEK ZONA NO kosong",IF(ISNA(MATCH(O11&"|"&M11,LAYOUT!$E$2:$E$80,0)),"CEK ZONA NO di luar layout",IF(N11<>INDEX(LAYOUT!$D$2:$D$80,MATCH(O11&"|"&M11,LAYOUT!$E$2:$E$80,0)),"CEK JENIS ZONA",IF($D11="","Zona STOCK",IF($E11="","CEK SKU DESCRIPTION kosong","OK")))))))) | Q11: WLL-02 | R11: 3 | S11: Rak | T11: =IF(Q11="","",IFERROR(INDEX(DAFTAR_FIXTURE!$B$2:$B$51,MATCH(Q11,DAFTAR_FIXTURE!$A$2:$A$51,0)),"")) | U11: =IF(Q11="","",IF(T11="","CEK ID FIXTURE tidak ada di DAFTAR_FIXTURE",IF(R11="","CEK ZONA NO kosong",IF(ISNA(MATCH(T11&"|"&R11,LAYOUT!$E$2:$E$80,0)),"CEK ZONA NO di luar layout",IF(S11<>INDEX(LAYOUT!$D$2:$D$80,MATCH(T11&"|"&R11,LAYOUT!$E$2:$E$80,0)),"CEK JENIS ZONA",IF($D11="","Zona STOCK",IF($E11="","CEK SKU DESCRIPTION kosong","OK"))))))) | Y11: =IF(V11="","",IFERROR(INDEX(DAFTAR_FIXTURE!$B$2:$B$51,MATCH(V11,DAFTAR_FIXTURE!$A$2:$A$51,0)),"")) | Z11: =IF(V11="","",IF(Y11="","CEK ID FIXTURE tidak ada di DAFTAR_FIXTURE",IF(W11="","CEK ZONA NO kosong",IF(ISNA(MATCH(Y11&"|"&W11,LAYOUT!$E$2:$E$80,0)),"CEK ZONA NO di luar layout",IF(X11<>INDEX(LAYOUT!$D$2:$D$80,MATCH(Y11&"|"&W11,LAYOUT!$E$2:$E$80,0)),"CEK JENIS ZONA",IF($D11="","Zona STOCK",IF($E11="","CEK SKU DESCRIPTION kosong","OK")))))))
A12: Homeware | B12: Storage | C12: Food Storage | D12: 10680419 | E12: MOSQUE DOME GLASS JAR SET OF 3 450ML | G12: PENYIMPANAN | H12: E4. CANISTER | I12: GLASS FANCY | L12: WLL-01 | M12: 5 | N12: Rak | O12: =IF(L12="","",IFERROR(INDEX(DAFTAR_FIXTURE!$B$2:$B$51,MATCH(L12,DAFTAR_FIXTURE!$A$2:$A$51,0)),"")) | P12: =IF(AND($D12="",L12=""),"",IF(L12="",IF(AND(Q12="",V12=""),"Belum ditempatkan",""),IF(O12="","CEK ID FIXTURE tidak ada di DAFTAR_FIXTURE",IF(M12="","CEK ZONA NO kosong",IF(ISNA(MATCH(O12&"|"&M12,LAYOUT!$E$2:$E$80,0)),"CEK ZONA NO di luar layout",IF(N12<>INDEX(LAYOUT!$D$2:$D$80,MATCH(O12&"|"&M12,LAYOUT!$E$2:$E$80,0)),"CEK JENIS ZONA",IF($D12="","Zona STOCK",IF($E12="","CEK SKU DESCRIPTION kosong","OK")))))))) | Q12: GND-01 | R12: 4 | S12: Rak | T12: =IF(Q12="","",IFERROR(INDEX(DAFTAR_FIXTURE!$B$2:$B$51,MATCH(Q12,DAFTAR_FIXTURE!$A$2:$A$51,0)),"")) | U12: =IF(Q12="","",IF(T12="","CEK ID FIXTURE tidak ada di DAFTAR_FIXTURE",IF(R12="","CEK ZONA NO kosong",IF(ISNA(MATCH(T12&"|"&R12,LAYOUT!$E$2:$E$80,0)),"CEK ZONA NO di luar layout",IF(S12<>INDEX(LAYOUT!$D$2:$D$80,MATCH(T12&"|"&R12,LAYOUT!$E$2:$E$80,0)),"CEK JENIS ZONA",IF($D12="","Zona STOCK",IF($E12="","CEK SKU DESCRIPTION kosong","OK"))))))) | Y12: =IF(V12="","",IFERROR(INDEX(DAFTAR_FIXTURE!$B$2:$B$51,MATCH(V12,DAFTAR_FIXTURE!$A$2:$A$51,0)),"")) | Z12: =IF(V12="","",IF(Y12="","CEK ID FIXTURE tidak ada di DAFTAR_FIXTURE",IF(W12="","CEK ZONA NO kosong",IF(ISNA(MATCH(Y12&"|"&W12,LAYOUT!$E$2:$E$80,0)),"CEK ZONA NO di luar layout",IF(X12<>INDEX(LAYOUT!$D$2:$D$80,MATCH(Y12&"|"&W12,LAYOUT!$E$2:$E$80,0)),"CEK JENIS ZONA",IF($D12="","Zona STOCK",IF($E12="","CEK SKU DESCRIPTION kosong","OK")))))))
A13: Homeware | B13: Drinkware | C13: Glassware | D13: 10099887 | E13: ELAN WATER GLASS SET 414ML (6) | G13: MAKAN | H13: A1. GLASSWARE | I13: ELAN | L13: WLL-01 | M13: 6 | N13: Rak | O13: =IF(L13="","",IFERROR(INDEX(DAFTAR_FIXTURE!$B$2:$B$51,MATCH(L13,DAFTAR_FIXTURE!$A$2:$A$51,0)),"")) | P13: =IF(AND($D13="",L13=""),"",IF(L13="",IF(AND(Q13="",V13=""),"Belum ditempatkan",""),IF(O13="","CEK ID FIXTURE tidak ada di DAFTAR_FIXTURE",IF(M13="","CEK ZONA NO kosong",IF(ISNA(MATCH(O13&"|"&M13,LAYOUT!$E$2:$E$80,0)),"CEK ZONA NO di luar layout",IF(N13<>INDEX(LAYOUT!$D$2:$D$80,MATCH(O13&"|"&M13,LAYOUT!$E$2:$E$80,0)),"CEK JENIS ZONA",IF($D13="","Zona STOCK",IF($E13="","CEK SKU DESCRIPTION kosong","OK")))))))) | T13: =IF(Q13="","",IFERROR(INDEX(DAFTAR_FIXTURE!$B$2:$B$51,MATCH(Q13,DAFTAR_FIXTURE!$A$2:$A$51,0)),"")) | U13: =IF(Q13="","",IF(T13="","CEK ID FIXTURE tidak ada di DAFTAR_FIXTURE",IF(R13="","CEK ZONA NO kosong",IF(ISNA(MATCH(T13&"|"&R13,LAYOUT!$E$2:$E$80,0)),"CEK ZONA NO di luar layout",IF(S13<>INDEX(LAYOUT!$D$2:$D$80,MATCH(T13&"|"&R13,LAYOUT!$E$2:$E$80,0)),"CEK JENIS ZONA",IF($D13="","Zona STOCK",IF($E13="","CEK SKU DESCRIPTION kosong","OK"))))))) | Y13: =IF(V13="","",IFERROR(INDEX(DAFTAR_FIXTURE!$B$2:$B$51,MATCH(V13,DAFTAR_FIXTURE!$A$2:$A$51,0)),"")) | Z13: =IF(V13="","",IF(Y13="","CEK ID FIXTURE tidak ada di DAFTAR_FIXTURE",IF(W13="","CEK ZONA NO kosong",IF(ISNA(MATCH(Y13&"|"&W13,LAYOUT!$E$2:$E$80,0)),"CEK ZONA NO di luar layout",IF(X13<>INDEX(LAYOUT!$D$2:$D$80,MATCH(Y13&"|"&W13,LAYOUT!$E$2:$E$80,0)),"CEK JENIS ZONA",IF($D13="","Zona STOCK",IF($E13="","CEK SKU DESCRIPTION kosong","OK")))))))
A14: Homeware | B14: Tableware | C14: Plates & Bowls | D14: 238181 | E14: COUPE PLATE 16 CM SIMPLE PLUS | L14: WLL-02 | M14: 1 | N14: Rak | O14: =IF(L14="","",IFERROR(INDEX(DAFTAR_FIXTURE!$B$2:$B$51,MATCH(L14,DAFTAR_FIXTURE!$A$2:$A$51,0)),"")) | P14: =IF(AND($D14="",L14=""),"",IF(L14="",IF(AND(Q14="",V14=""),"Belum ditempatkan",""),IF(O14="","CEK ID FIXTURE tidak ada di DAFTAR_FIXTURE",IF(M14="","CEK ZONA NO kosong",IF(ISNA(MATCH(O14&"|"&M14,LAYOUT!$E$2:$E$80,0)),"CEK ZONA NO di luar layout",IF(N14<>INDEX(LAYOUT!$D$2:$D$80,MATCH(O14&"|"&M14,LAYOUT!$E$2:$E$80,0)),"CEK JENIS ZONA",IF($D14="","Zona STOCK",IF($E14="","CEK SKU DESCRIPTION kosong","OK")))))))) | T14: =IF(Q14="","",IFERROR(INDEX(DAFTAR_FIXTURE!$B$2:$B$51,MATCH(Q14,DAFTAR_FIXTURE!$A$2:$A$51,0)),"")) | U14: =IF(Q14="","",IF(T14="","CEK ID FIXTURE tidak ada di DAFTAR_FIXTURE",IF(R14="","CEK ZONA NO kosong",IF(ISNA(MATCH(T14&"|"&R14,LAYOUT!$E$2:$E$80,0)),"CEK ZONA NO di luar layout",IF(S14<>INDEX(LAYOUT!$D$2:$D$80,MATCH(T14&"|"&R14,LAYOUT!$E$2:$E$80,0)),"CEK JENIS ZONA",IF($D14="","Zona STOCK",IF($E14="","CEK SKU DESCRIPTION kosong","OK"))))))) | Y14: =IF(V14="","",IFERROR(INDEX(DAFTAR_FIXTURE!$B$2:$B$51,MATCH(V14,DAFTAR_FIXTURE!$A$2:$A$51,0)),"")) | Z14: =IF(V14="","",IF(Y14="","CEK ID FIXTURE tidak ada di DAFTAR_FIXTURE",IF(W14="","CEK ZONA NO kosong",IF(ISNA(MATCH(Y14&"|"&W14,LAYOUT!$E$2:$E$80,0)),"CEK ZONA NO di luar layout",IF(X14<>INDEX(LAYOUT!$D$2:$D$80,MATCH(Y14&"|"&W14,LAYOUT!$E$2:$E$80,0)),"CEK JENIS ZONA",IF($D14="","Zona STOCK",IF($E14="","CEK SKU DESCRIPTION kosong","OK")))))))
A15: Homeware | B15: Cookware | C15: Casserole | D15: 10606307 | E15: CASSEROLE RECT MARBLE W/RACK WHT 38CM | G15: MASAK | H15: B1. CASSEROLE | I15: MARBLE W/RACK | L15: WLL-02 | M15: 3 | N15: Rak | O15: =IF(L15="","",IFERROR(INDEX(DAFTAR_FIXTURE!$B$2:$B$51,MATCH(L15,DAFTAR_FIXTURE!$A$2:$A$51,0)),"")) | P15: =IF(AND($D15="",L15=""),"",IF(L15="",IF(AND(Q15="",V15=""),"Belum ditempatkan",""),IF(O15="","CEK ID FIXTURE tidak ada di DAFTAR_FIXTURE",IF(M15="","CEK ZONA NO kosong",IF(ISNA(MATCH(O15&"|"&M15,LAYOUT!$E$2:$E$80,0)),"CEK ZONA NO di luar layout",IF(N15<>INDEX(LAYOUT!$D$2:$D$80,MATCH(O15&"|"&M15,LAYOUT!$E$2:$E$80,0)),"CEK JENIS ZONA",IF($D15="","Zona STOCK",IF($E15="","CEK SKU DESCRIPTION kosong","OK")))))))) | T15: =IF(Q15="","",IFERROR(INDEX(DAFTAR_FIXTURE!$B$2:$B$51,MATCH(Q15,DAFTAR_FIXTURE!$A$2:$A$51,0)),"")) | U15: =IF(Q15="","",IF(T15="","CEK ID FIXTURE tidak ada di DAFTAR_FIXTURE",IF(R15="","CEK ZONA NO kosong",IF(ISNA(MATCH(T15&"|"&R15,LAYOUT!$E$2:$E$80,0)),"CEK ZONA NO di luar layout",IF(S15<>INDEX(LAYOUT!$D$2:$D$80,MATCH(T15&"|"&R15,LAYOUT!$E$2:$E$80,0)),"CEK JENIS ZONA",IF($D15="","Zona STOCK",IF($E15="","CEK SKU DESCRIPTION kosong","OK"))))))) | Y15: =IF(V15="","",IFERROR(INDEX(DAFTAR_FIXTURE!$B$2:$B$51,MATCH(V15,DAFTAR_FIXTURE!$A$2:$A$51,0)),"")) | Z15: =IF(V15="","",IF(Y15="","CEK ID FIXTURE tidak ada di DAFTAR_FIXTURE",IF(W15="","CEK ZONA NO kosong",IF(ISNA(MATCH(Y15&"|"&W15,LAYOUT!$E$2:$E$80,0)),"CEK ZONA NO di luar layout",IF(X15<>INDEX(LAYOUT!$D$2:$D$80,MATCH(Y15&"|"&W15,LAYOUT!$E$2:$E$80,0)),"CEK JENIS ZONA",IF($D15="","Zona STOCK",IF($E15="","CEK SKU DESCRIPTION kosong","OK")))))))
A16: Homeware | B16: Tableware | C16: Serving Set | D16: 10681571 | E16: SERVING GLASS SQR PLATER ZEVY GOLD | G16: MAKAN | H16: A2. SERVINGWARE | I16: W/GOLD RACK GLASS | L16: WLL-02 | M16: 4 | N16: Rak | O16: =IF(L16="","",IFERROR(INDEX(DAFTAR_FIXTURE!$B$2:$B$51,MATCH(L16,DAFTAR_FIXTURE!$A$2:$A$51,0)),"")) | P16: =IF(AND($D16="",L16=""),"",IF(L16="",IF(AND(Q16="",V16=""),"Belum ditempatkan",""),IF(O16="","CEK ID FIXTURE tidak ada di DAFTAR_FIXTURE",IF(M16="","CEK ZONA NO kosong",IF(ISNA(MATCH(O16&"|"&M16,LAYOUT!$E$2:$E$80,0)),"CEK ZONA NO di luar layout",IF(N16<>INDEX(LAYOUT!$D$2:$D$80,MATCH(O16&"|"&M16,LAYOUT!$E$2:$E$80,0)),"CEK JENIS ZONA",IF($D16="","Zona STOCK",IF($E16="","CEK SKU DESCRIPTION kosong","OK")))))))) | Q16: GND-01 | R16: 3 | S16: Rak | T16: =IF(Q16="","",IFERROR(INDEX(DAFTAR_FIXTURE!$B$2:$B$51,MATCH(Q16,DAFTAR_FIXTURE!$A$2:$A$51,0)),"")) | U16: =IF(Q16="","",IF(T16="","CEK ID FIXTURE tidak ada di DAFTAR_FIXTURE",IF(R16="","CEK ZONA NO kosong",IF(ISNA(MATCH(T16&"|"&R16,LAYOUT!$E$2:$E$80,0)),"CEK ZONA NO di luar layout",IF(S16<>INDEX(LAYOUT!$D$2:$D$80,MATCH(T16&"|"&R16,LAYOUT!$E$2:$E$80,0)),"CEK JENIS ZONA",IF($D16="","Zona STOCK",IF($E16="","CEK SKU DESCRIPTION kosong","OK"))))))) | Y16: =IF(V16="","",IFERROR(INDEX(DAFTAR_FIXTURE!$B$2:$B$51,MATCH(V16,DAFTAR_FIXTURE!$A$2:$A$51,0)),"")) | Z16: =IF(V16="","",IF(Y16="","CEK ID FIXTURE tidak ada di DAFTAR_FIXTURE",IF(W16="","CEK ZONA NO kosong",IF(ISNA(MATCH(Y16&"|"&W16,LAYOUT!$E$2:$E$80,0)),"CEK ZONA NO di luar layout",IF(X16<>INDEX(LAYOUT!$D$2:$D$80,MATCH(Y16&"|"&W16,LAYOUT!$E$2:$E$80,0)),"CEK JENIS ZONA",IF($D16="","Zona STOCK",IF($E16="","CEK SKU DESCRIPTION kosong","OK")))))))
A17: Homeware | B17: Cookware | C17: Pots & Pans | D17: 10421603 | E17: KINGSTON SAUCEPAN WITH LID 16CM GREEN | G17: MASAK | H17: B2. COOKWARE | I17: KINGSTON | L17: WLL-03 | M17: 1 | N17: Gantungan | O17: =IF(L17="","",IFERROR(INDEX(DAFTAR_FIXTURE!$B$2:$B$51,MATCH(L17,DAFTAR_FIXTURE!$A$2:$A$51,0)),"")) | P17: =IF(AND($D17="",L17=""),"",IF(L17="",IF(AND(Q17="",V17=""),"Belum ditempatkan",""),IF(O17="","CEK ID FIXTURE tidak ada di DAFTAR_FIXTURE",IF(M17="","CEK ZONA NO kosong",IF(ISNA(MATCH(O17&"|"&M17,LAYOUT!$E$2:$E$80,0)),"CEK ZONA NO di luar layout",IF(N17<>INDEX(LAYOUT!$D$2:$D$80,MATCH(O17&"|"&M17,LAYOUT!$E$2:$E$80,0)),"CEK JENIS ZONA",IF($D17="","Zona STOCK",IF($E17="","CEK SKU DESCRIPTION kosong","OK")))))))) | Q17: WLL-03 | R17: 2 | S17: Gantungan | T17: =IF(Q17="","",IFERROR(INDEX(DAFTAR_FIXTURE!$B$2:$B$51,MATCH(Q17,DAFTAR_FIXTURE!$A$2:$A$51,0)),"")) | U17: =IF(Q17="","",IF(T17="","CEK ID FIXTURE tidak ada di DAFTAR_FIXTURE",IF(R17="","CEK ZONA NO kosong",IF(ISNA(MATCH(T17&"|"&R17,LAYOUT!$E$2:$E$80,0)),"CEK ZONA NO di luar layout",IF(S17<>INDEX(LAYOUT!$D$2:$D$80,MATCH(T17&"|"&R17,LAYOUT!$E$2:$E$80,0)),"CEK JENIS ZONA",IF($D17="","Zona STOCK",IF($E17="","CEK SKU DESCRIPTION kosong","OK"))))))) | V17: GND-03 | W17: 1 | X17: Rak | Y17: =IF(V17="","",IFERROR(INDEX(DAFTAR_FIXTURE!$B$2:$B$51,MATCH(V17,DAFTAR_FIXTURE!$A$2:$A$51,0)),"")) | Z17: =IF(V17="","",IF(Y17="","CEK ID FIXTURE tidak ada di DAFTAR_FIXTURE",IF(W17="","CEK ZONA NO kosong",IF(ISNA(MATCH(Y17&"|"&W17,LAYOUT!$E$2:$E$80,0)),"CEK ZONA NO di luar layout",IF(X17<>INDEX(LAYOUT!$D$2:$D$80,MATCH(Y17&"|"&W17,LAYOUT!$E$2:$E$80,0)),"CEK JENIS ZONA",IF($D17="","Zona STOCK",IF($E17="","CEK SKU DESCRIPTION kosong","OK")))))))
A18: Homeware | B18: Cookware | C18: Pots & Pans | D18: 10421608 | E18: KINGSTON CASSEROLE WITH LID 20 CM GREEN | G18: MASAK | H18: B2. COOKWARE | I18: KINGSTON | L18: WLL-03 | M18: 1 | N18: Gantungan | O18: =IF(L18="","",IFERROR(INDEX(DAFTAR_FIXTURE!$B$2:$B$51,MATCH(L18,DAFTAR_FIXTURE!$A$2:$A$51,0)),"")) | P18: =IF(AND($D18="",L18=""),"",IF(L18="",IF(AND(Q18="",V18=""),"Belum ditempatkan",""),IF(O18="","CEK ID FIXTURE tidak ada di DAFTAR_FIXTURE",IF(M18="","CEK ZONA NO kosong",IF(ISNA(MATCH(O18&"|"&M18,LAYOUT!$E$2:$E$80,0)),"CEK ZONA NO di luar layout",IF(N18<>INDEX(LAYOUT!$D$2:$D$80,MATCH(O18&"|"&M18,LAYOUT!$E$2:$E$80,0)),"CEK JENIS ZONA",IF($D18="","Zona STOCK",IF($E18="","CEK SKU DESCRIPTION kosong","OK")))))))) | Q18: WLL-03 | R18: 2 | S18: Gantungan | T18: =IF(Q18="","",IFERROR(INDEX(DAFTAR_FIXTURE!$B$2:$B$51,MATCH(Q18,DAFTAR_FIXTURE!$A$2:$A$51,0)),"")) | U18: =IF(Q18="","",IF(T18="","CEK ID FIXTURE tidak ada di DAFTAR_FIXTURE",IF(R18="","CEK ZONA NO kosong",IF(ISNA(MATCH(T18&"|"&R18,LAYOUT!$E$2:$E$80,0)),"CEK ZONA NO di luar layout",IF(S18<>INDEX(LAYOUT!$D$2:$D$80,MATCH(T18&"|"&R18,LAYOUT!$E$2:$E$80,0)),"CEK JENIS ZONA",IF($D18="","Zona STOCK",IF($E18="","CEK SKU DESCRIPTION kosong","OK"))))))) | V18: GND-03 | W18: 1 | X18: Rak | Y18: =IF(V18="","",IFERROR(INDEX(DAFTAR_FIXTURE!$B$2:$B$51,MATCH(V18,DAFTAR_FIXTURE!$A$2:$A$51,0)),"")) | Z18: =IF(V18="","",IF(Y18="","CEK ID FIXTURE tidak ada di DAFTAR_FIXTURE",IF(W18="","CEK ZONA NO kosong",IF(ISNA(MATCH(Y18&"|"&W18,LAYOUT!$E$2:$E$80,0)),"CEK ZONA NO di luar layout",IF(X18<>INDEX(LAYOUT!$D$2:$D$80,MATCH(Y18&"|"&W18,LAYOUT!$E$2:$E$80,0)),"CEK JENIS ZONA",IF($D18="","Zona STOCK",IF($E18="","CEK SKU DESCRIPTION kosong","OK")))))))
A19: Homeware | B19: Cookware | C19: Pots & Pans | D19: 10421610 | E19: KINGSTON GRILL PAN 24CM GREEN | G19: MASAK | H19: B2. COOKWARE | I19: KINGSTON | L19: WLL-03 | M19: 1 | N19: Gantungan | O19: =IF(L19="","",IFERROR(INDEX(DAFTAR_FIXTURE!$B$2:$B$51,MATCH(L19,DAFTAR_FIXTURE!$A$2:$A$51,0)),"")) | P19: =IF(AND($D19="",L19=""),"",IF(L19="",IF(AND(Q19="",V19=""),"Belum ditempatkan",""),IF(O19="","CEK ID FIXTURE tidak ada di DAFTAR_FIXTURE",IF(M19="","CEK ZONA NO kosong",IF(ISNA(MATCH(O19&"|"&M19,LAYOUT!$E$2:$E$80,0)),"CEK ZONA NO di luar layout",IF(N19<>INDEX(LAYOUT!$D$2:$D$80,MATCH(O19&"|"&M19,LAYOUT!$E$2:$E$80,0)),"CEK JENIS ZONA",IF($D19="","Zona STOCK",IF($E19="","CEK SKU DESCRIPTION kosong","OK")))))))) | Q19: WLL-03 | R19: 2 | S19: Gantungan | T19: =IF(Q19="","",IFERROR(INDEX(DAFTAR_FIXTURE!$B$2:$B$51,MATCH(Q19,DAFTAR_FIXTURE!$A$2:$A$51,0)),"")) | U19: =IF(Q19="","",IF(T19="","CEK ID FIXTURE tidak ada di DAFTAR_FIXTURE",IF(R19="","CEK ZONA NO kosong",IF(ISNA(MATCH(T19&"|"&R19,LAYOUT!$E$2:$E$80,0)),"CEK ZONA NO di luar layout",IF(S19<>INDEX(LAYOUT!$D$2:$D$80,MATCH(T19&"|"&R19,LAYOUT!$E$2:$E$80,0)),"CEK JENIS ZONA",IF($D19="","Zona STOCK",IF($E19="","CEK SKU DESCRIPTION kosong","OK"))))))) | V19: GND-03 | W19: 1 | X19: Rak | Y19: =IF(V19="","",IFERROR(INDEX(DAFTAR_FIXTURE!$B$2:$B$51,MATCH(V19,DAFTAR_FIXTURE!$A$2:$A$51,0)),"")) | Z19: =IF(V19="","",IF(Y19="","CEK ID FIXTURE tidak ada di DAFTAR_FIXTURE",IF(W19="","CEK ZONA NO kosong",IF(ISNA(MATCH(Y19&"|"&W19,LAYOUT!$E$2:$E$80,0)),"CEK ZONA NO di luar layout",IF(X19<>INDEX(LAYOUT!$D$2:$D$80,MATCH(Y19&"|"&W19,LAYOUT!$E$2:$E$80,0)),"CEK JENIS ZONA",IF($D19="","Zona STOCK",IF($E19="","CEK SKU DESCRIPTION kosong","OK")))))))
A20: Homeware | B20: Cookware | C20: Pots & Pans | D20: 10421614 | E20: KIRA WOK 2 HANDLE W LID AND UTENSIL BRN | G20: MASAK | H20: B2. COOKWARE | I20: KIRA | L20: WLL-03 | M20: 1 | N20: Gantungan | O20: =IF(L20="","",IFERROR(INDEX(DAFTAR_FIXTURE!$B$2:$B$51,MATCH(L20,DAFTAR_FIXTURE!$A$2:$A$51,0)),"")) | P20: =IF(AND($D20="",L20=""),"",IF(L20="",IF(AND(Q20="",V20=""),"Belum ditempatkan",""),IF(O20="","CEK ID FIXTURE tidak ada di DAFTAR_FIXTURE",IF(M20="","CEK ZONA NO kosong",IF(ISNA(MATCH(O20&"|"&M20,LAYOUT!$E$2:$E$80,0)),"CEK ZONA NO di luar layout",IF(N20<>INDEX(LAYOUT!$D$2:$D$80,MATCH(O20&"|"&M20,LAYOUT!$E$2:$E$80,0)),"CEK JENIS ZONA",IF($D20="","Zona STOCK",IF($E20="","CEK SKU DESCRIPTION kosong","OK")))))))) | Q20: WLL-03 | R20: 2 | S20: Gantungan | T20: =IF(Q20="","",IFERROR(INDEX(DAFTAR_FIXTURE!$B$2:$B$51,MATCH(Q20,DAFTAR_FIXTURE!$A$2:$A$51,0)),"")) | U20: =IF(Q20="","",IF(T20="","CEK ID FIXTURE tidak ada di DAFTAR_FIXTURE",IF(R20="","CEK ZONA NO kosong",IF(ISNA(MATCH(T20&"|"&R20,LAYOUT!$E$2:$E$80,0)),"CEK ZONA NO di luar layout",IF(S20<>INDEX(LAYOUT!$D$2:$D$80,MATCH(T20&"|"&R20,LAYOUT!$E$2:$E$80,0)),"CEK JENIS ZONA",IF($D20="","Zona STOCK",IF($E20="","CEK SKU DESCRIPTION kosong","OK"))))))) | V20: GND-03 | W20: 1 | X20: Rak | Y20: =IF(V20="","",IFERROR(INDEX(DAFTAR_FIXTURE!$B$2:$B$51,MATCH(V20,DAFTAR_FIXTURE!$A$2:$A$51,0)),"")) | Z20: =IF(V20="","",IF(Y20="","CEK ID FIXTURE tidak ada di DAFTAR_FIXTURE",IF(W20="","CEK ZONA NO kosong",IF(ISNA(MATCH(Y20&"|"&W20,LAYOUT!$E$2:$E$80,0)),"CEK ZONA NO di luar layout",IF(X20<>INDEX(LAYOUT!$D$2:$D$80,MATCH(Y20&"|"&W20,LAYOUT!$E$2:$E$80,0)),"CEK JENIS ZONA",IF($D20="","Zona STOCK",IF($E20="","CEK SKU DESCRIPTION kosong","OK")))))))
A21: Homeware | B21: Tableware | C21: Serving Set | D21: 10681571 | E21: SERVING GLASS SQR PLATER ZEVY GOLD | G21: MAKAN | H21: A2. SERVINGWARE | I21: W/GOLD RACK GLASS | L21: WLL-03 | M21: 4 | N21: Rak | O21: =IF(L21="","",IFERROR(INDEX(DAFTAR_FIXTURE!$B$2:$B$51,MATCH(L21,DAFTAR_FIXTURE!$A$2:$A$51,0)),"")) | P21: =IF(AND($D21="",L21=""),"",IF(L21="",IF(AND(Q21="",V21=""),"Belum ditempatkan",""),IF(O21="","CEK ID FIXTURE tidak ada di DAFTAR_FIXTURE",IF(M21="","CEK ZONA NO kosong",IF(ISNA(MATCH(O21&"|"&M21,LAYOUT!$E$2:$E$80,0)),"CEK ZONA NO di luar layout",IF(N21<>INDEX(LAYOUT!$D$2:$D$80,MATCH(O21&"|"&M21,LAYOUT!$E$2:$E$80,0)),"CEK JENIS ZONA",IF($D21="","Zona STOCK",IF($E21="","CEK SKU DESCRIPTION kosong","OK")))))))) | T21: =IF(Q21="","",IFERROR(INDEX(DAFTAR_FIXTURE!$B$2:$B$51,MATCH(Q21,DAFTAR_FIXTURE!$A$2:$A$51,0)),"")) | U21: =IF(Q21="","",IF(T21="","CEK ID FIXTURE tidak ada di DAFTAR_FIXTURE",IF(R21="","CEK ZONA NO kosong",IF(ISNA(MATCH(T21&"|"&R21,LAYOUT!$E$2:$E$80,0)),"CEK ZONA NO di luar layout",IF(S21<>INDEX(LAYOUT!$D$2:$D$80,MATCH(T21&"|"&R21,LAYOUT!$E$2:$E$80,0)),"CEK JENIS ZONA",IF($D21="","Zona STOCK",IF($E21="","CEK SKU DESCRIPTION kosong","OK"))))))) | Y21: =IF(V21="","",IFERROR(INDEX(DAFTAR_FIXTURE!$B$2:$B$51,MATCH(V21,DAFTAR_FIXTURE!$A$2:$A$51,0)),"")) | Z21: =IF(V21="","",IF(Y21="","CEK ID FIXTURE tidak ada di DAFTAR_FIXTURE",IF(W21="","CEK ZONA NO kosong",IF(ISNA(MATCH(Y21&"|"&W21,LAYOUT!$E$2:$E$80,0)),"CEK ZONA NO di luar layout",IF(X21<>INDEX(LAYOUT!$D$2:$D$80,MATCH(Y21&"|"&W21,LAYOUT!$E$2:$E$80,0)),"CEK JENIS ZONA",IF($D21="","Zona STOCK",IF($E21="","CEK SKU DESCRIPTION kosong","OK")))))))
A22: Homeware | B22: Tableware | C22: Serving Set | D22: 10470029 | E22: SERVING SET W/RACK OCTAGON MARBLE (4) | G22: MAKAN | H22: A2. SERVINGWARE | I22: SERVING SET MARBLE | L22: WLL-03 | M22: 5 | N22: Rak | O22: =IF(L22="","",IFERROR(INDEX(DAFTAR_FIXTURE!$B$2:$B$51,MATCH(L22,DAFTAR_FIXTURE!$A$2:$A$51,0)),"")) | P22: =IF(AND($D22="",L22=""),"",IF(L22="",IF(AND(Q22="",V22=""),"Belum ditempatkan",""),IF(O22="","CEK ID FIXTURE tidak ada di DAFTAR_FIXTURE",IF(M22="","CEK ZONA NO kosong",IF(ISNA(MATCH(O22&"|"&M22,LAYOUT!$E$2:$E$80,0)),"CEK ZONA NO di luar layout",IF(N22<>INDEX(LAYOUT!$D$2:$D$80,MATCH(O22&"|"&M22,LAYOUT!$E$2:$E$80,0)),"CEK JENIS ZONA",IF($D22="","Zona STOCK",IF($E22="","CEK SKU DESCRIPTION kosong","OK")))))))) | T22: =IF(Q22="","",IFERROR(INDEX(DAFTAR_FIXTURE!$B$2:$B$51,MATCH(Q22,DAFTAR_FIXTURE!$A$2:$A$51,0)),"")) | U22: =IF(Q22="","",IF(T22="","CEK ID FIXTURE tidak ada di DAFTAR_FIXTURE",IF(R22="","CEK ZONA NO kosong",IF(ISNA(MATCH(T22&"|"&R22,LAYOUT!$E$2:$E$80,0)),"CEK ZONA NO di luar layout",IF(S22<>INDEX(LAYOUT!$D$2:$D$80,MATCH(T22&"|"&R22,LAYOUT!$E$2:$E$80,0)),"CEK JENIS ZONA",IF($D22="","Zona STOCK",IF($E22="","CEK SKU DESCRIPTION kosong","OK"))))))) | Y22: =IF(V22="","",IFERROR(INDEX(DAFTAR_FIXTURE!$B$2:$B$51,MATCH(V22,DAFTAR_FIXTURE!$A$2:$A$51,0)),"")) | Z22: =IF(V22="","",IF(Y22="","CEK ID FIXTURE tidak ada di DAFTAR_FIXTURE",IF(W22="","CEK ZONA NO kosong",IF(ISNA(MATCH(Y22&"|"&W22,LAYOUT!$E$2:$E$80,0)),"CEK ZONA NO di luar layout",IF(X22<>INDEX(LAYOUT!$D$2:$D$80,MATCH(Y22&"|"&W22,LAYOUT!$E$2:$E$80,0)),"CEK JENIS ZONA",IF($D22="","Zona STOCK",IF($E22="","CEK SKU DESCRIPTION kosong","OK")))))))
A23: Homeware | B23: Kitchenware | C23: Kitchen Tools | D23: 10198149 | E23: TANTA STRAINER DIA 10CM | G23: ALAT MASAK | H23: C1. KITCHEN TOOLS | I23: TANTA S/S | L23: GND-02 | M23: 1 | N23: Gantungan | O23: =IF(L23="","",IFERROR(INDEX(DAFTAR_FIXTURE!$B$2:$B$51,MATCH(L23,DAFTAR_FIXTURE!$A$2:$A$51,0)),"")) | P23: =IF(AND($D23="",L23=""),"",IF(L23="",IF(AND(Q23="",V23=""),"Belum ditempatkan",""),IF(O23="","CEK ID FIXTURE tidak ada di DAFTAR_FIXTURE",IF(M23="","CEK ZONA NO kosong",IF(ISNA(MATCH(O23&"|"&M23,LAYOUT!$E$2:$E$80,0)),"CEK ZONA NO di luar layout",IF(N23<>INDEX(LAYOUT!$D$2:$D$80,MATCH(O23&"|"&M23,LAYOUT!$E$2:$E$80,0)),"CEK JENIS ZONA",IF($D23="","Zona STOCK",IF($E23="","CEK SKU DESCRIPTION kosong","OK")))))))) | Q23: GND-02 | R23: 2 | S23: Gantungan | T23: =IF(Q23="","",IFERROR(INDEX(DAFTAR_FIXTURE!$B$2:$B$51,MATCH(Q23,DAFTAR_FIXTURE!$A$2:$A$51,0)),"")) | U23: =IF(Q23="","",IF(T23="","CEK ID FIXTURE tidak ada di DAFTAR_FIXTURE",IF(R23="","CEK ZONA NO kosong",IF(ISNA(MATCH(T23&"|"&R23,LAYOUT!$E$2:$E$80,0)),"CEK ZONA NO di luar layout",IF(S23<>INDEX(LAYOUT!$D$2:$D$80,MATCH(T23&"|"&R23,LAYOUT!$E$2:$E$80,0)),"CEK JENIS ZONA",IF($D23="","Zona STOCK",IF($E23="","CEK SKU DESCRIPTION kosong","OK"))))))) | V23: GND-02 | W23: 3 | X23: Gantungan | Y23: =IF(V23="","",IFERROR(INDEX(DAFTAR_FIXTURE!$B$2:$B$51,MATCH(V23,DAFTAR_FIXTURE!$A$2:$A$51,0)),"")) | Z23: =IF(V23="","",IF(Y23="","CEK ID FIXTURE tidak ada di DAFTAR_FIXTURE",IF(W23="","CEK ZONA NO kosong",IF(ISNA(MATCH(Y23&"|"&W23,LAYOUT!$E$2:$E$80,0)),"CEK ZONA NO di luar layout",IF(X23<>INDEX(LAYOUT!$D$2:$D$80,MATCH(Y23&"|"&W23,LAYOUT!$E$2:$E$80,0)),"CEK JENIS ZONA",IF($D23="","Zona STOCK",IF($E23="","CEK SKU DESCRIPTION kosong","OK")))))))
A24: Homeware | B24: Kitchenware | C24: Kitchen Tools | D24: 10198150 | E24: TANTA NYLON TONGS 9 INCH | G24: ALAT MASAK | H24: C1. KITCHEN TOOLS | I24: TANTA NYLON | L24: GND-02 | M24: 1 | N24: Gantungan | O24: =IF(L24="","",IFERROR(INDEX(DAFTAR_FIXTURE!$B$2:$B$51,MATCH(L24,DAFTAR_FIXTURE!$A$2:$A$51,0)),"")) | P24: =IF(AND($D24="",L24=""),"",IF(L24="",IF(AND(Q24="",V24=""),"Belum ditempatkan",""),IF(O24="","CEK ID FIXTURE tidak ada di DAFTAR_FIXTURE",IF(M24="","CEK ZONA NO kosong",IF(ISNA(MATCH(O24&"|"&M24,LAYOUT!$E$2:$E$80,0)),"CEK ZONA NO di luar layout",IF(N24<>INDEX(LAYOUT!$D$2:$D$80,MATCH(O24&"|"&M24,LAYOUT!$E$2:$E$80,0)),"CEK JENIS ZONA",IF($D24="","Zona STOCK",IF($E24="","CEK SKU DESCRIPTION kosong","OK")))))))) | Q24: GND-02 | R24: 2 | S24: Gantungan | T24: =IF(Q24="","",IFERROR(INDEX(DAFTAR_FIXTURE!$B$2:$B$51,MATCH(Q24,DAFTAR_FIXTURE!$A$2:$A$51,0)),"")) | U24: =IF(Q24="","",IF(T24="","CEK ID FIXTURE tidak ada di DAFTAR_FIXTURE",IF(R24="","CEK ZONA NO kosong",IF(ISNA(MATCH(T24&"|"&R24,LAYOUT!$E$2:$E$80,0)),"CEK ZONA NO di luar layout",IF(S24<>INDEX(LAYOUT!$D$2:$D$80,MATCH(T24&"|"&R24,LAYOUT!$E$2:$E$80,0)),"CEK JENIS ZONA",IF($D24="","Zona STOCK",IF($E24="","CEK SKU DESCRIPTION kosong","OK"))))))) | V24: GND-02 | W24: 3 | X24: Gantungan | Y24: =IF(V24="","",IFERROR(INDEX(DAFTAR_FIXTURE!$B$2:$B$51,MATCH(V24,DAFTAR_FIXTURE!$A$2:$A$51,0)),"")) | Z24: =IF(V24="","",IF(Y24="","CEK ID FIXTURE tidak ada di DAFTAR_FIXTURE",IF(W24="","CEK ZONA NO kosong",IF(ISNA(MATCH(Y24&"|"&W24,LAYOUT!$E$2:$E$80,0)),"CEK ZONA NO di luar layout",IF(X24<>INDEX(LAYOUT!$D$2:$D$80,MATCH(Y24&"|"&W24,LAYOUT!$E$2:$E$80,0)),"CEK JENIS ZONA",IF($D24="","Zona STOCK",IF($E24="","CEK SKU DESCRIPTION kosong","OK")))))))
A25: Homeware | B25: Kitchenware | C25: Kitchen Tools | D25: 10198151 | E25: TANTA NYLON TONGS 12 INCH | G25: ALAT MASAK | H25: C1. KITCHEN TOOLS | I25: TANTA NYLON | L25: GND-02 | M25: 1 | N25: Gantungan | O25: =IF(L25="","",IFERROR(INDEX(DAFTAR_FIXTURE!$B$2:$B$51,MATCH(L25,DAFTAR_FIXTURE!$A$2:$A$51,0)),"")) | P25: =IF(AND($D25="",L25=""),"",IF(L25="",IF(AND(Q25="",V25=""),"Belum ditempatkan",""),IF(O25="","CEK ID FIXTURE tidak ada di DAFTAR_FIXTURE",IF(M25="","CEK ZONA NO kosong",IF(ISNA(MATCH(O25&"|"&M25,LAYOUT!$E$2:$E$80,0)),"CEK ZONA NO di luar layout",IF(N25<>INDEX(LAYOUT!$D$2:$D$80,MATCH(O25&"|"&M25,LAYOUT!$E$2:$E$80,0)),"CEK JENIS ZONA",IF($D25="","Zona STOCK",IF($E25="","CEK SKU DESCRIPTION kosong","OK")))))))) | Q25: GND-02 | R25: 2 | S25: Gantungan | T25: =IF(Q25="","",IFERROR(INDEX(DAFTAR_FIXTURE!$B$2:$B$51,MATCH(Q25,DAFTAR_FIXTURE!$A$2:$A$51,0)),"")) | U25: =IF(Q25="","",IF(T25="","CEK ID FIXTURE tidak ada di DAFTAR_FIXTURE",IF(R25="","CEK ZONA NO kosong",IF(ISNA(MATCH(T25&"|"&R25,LAYOUT!$E$2:$E$80,0)),"CEK ZONA NO di luar layout",IF(S25<>INDEX(LAYOUT!$D$2:$D$80,MATCH(T25&"|"&R25,LAYOUT!$E$2:$E$80,0)),"CEK JENIS ZONA",IF($D25="","Zona STOCK",IF($E25="","CEK SKU DESCRIPTION kosong","OK"))))))) | V25: GND-02 | W25: 3 | X25: Gantungan | Y25: =IF(V25="","",IFERROR(INDEX(DAFTAR_FIXTURE!$B$2:$B$51,MATCH(V25,DAFTAR_FIXTURE!$A$2:$A$51,0)),"")) | Z25: =IF(V25="","",IF(Y25="","CEK ID FIXTURE tidak ada di DAFTAR_FIXTURE",IF(W25="","CEK ZONA NO kosong",IF(ISNA(MATCH(Y25&"|"&W25,LAYOUT!$E$2:$E$80,0)),"CEK ZONA NO di luar layout",IF(X25<>INDEX(LAYOUT!$D$2:$D$80,MATCH(Y25&"|"&W25,LAYOUT!$E$2:$E$80,0)),"CEK JENIS ZONA",IF($D25="","Zona STOCK",IF($E25="","CEK SKU DESCRIPTION kosong","OK")))))))
A26: Homeware | B26: Kitchenware | C26: Kitchen Tools | D26: 10198152 | E26: TANTA S/S SOLID TURNER M | G26: ALAT MASAK | H26: C1. KITCHEN TOOLS | I26: TANTA S/S | L26: GND-02 | M26: 1 | N26: Gantungan | O26: =IF(L26="","",IFERROR(INDEX(DAFTAR_FIXTURE!$B$2:$B$51,MATCH(L26,DAFTAR_FIXTURE!$A$2:$A$51,0)),"")) | P26: =IF(AND($D26="",L26=""),"",IF(L26="",IF(AND(Q26="",V26=""),"Belum ditempatkan",""),IF(O26="","CEK ID FIXTURE tidak ada di DAFTAR_FIXTURE",IF(M26="","CEK ZONA NO kosong",IF(ISNA(MATCH(O26&"|"&M26,LAYOUT!$E$2:$E$80,0)),"CEK ZONA NO di luar layout",IF(N26<>INDEX(LAYOUT!$D$2:$D$80,MATCH(O26&"|"&M26,LAYOUT!$E$2:$E$80,0)),"CEK JENIS ZONA",IF($D26="","Zona STOCK",IF($E26="","CEK SKU DESCRIPTION kosong","OK")))))))) | Q26: GND-02 | R26: 2 | S26: Gantungan | T26: =IF(Q26="","",IFERROR(INDEX(DAFTAR_FIXTURE!$B$2:$B$51,MATCH(Q26,DAFTAR_FIXTURE!$A$2:$A$51,0)),"")) | U26: =IF(Q26="","",IF(T26="","CEK ID FIXTURE tidak ada di DAFTAR_FIXTURE",IF(R26="","CEK ZONA NO kosong",IF(ISNA(MATCH(T26&"|"&R26,LAYOUT!$E$2:$E$80,0)),"CEK ZONA NO di luar layout",IF(S26<>INDEX(LAYOUT!$D$2:$D$80,MATCH(T26&"|"&R26,LAYOUT!$E$2:$E$80,0)),"CEK JENIS ZONA",IF($D26="","Zona STOCK",IF($E26="","CEK SKU DESCRIPTION kosong","OK"))))))) | V26: GND-02 | W26: 3 | X26: Gantungan | Y26: =IF(V26="","",IFERROR(INDEX(DAFTAR_FIXTURE!$B$2:$B$51,MATCH(V26,DAFTAR_FIXTURE!$A$2:$A$51,0)),"")) | Z26: =IF(V26="","",IF(Y26="","CEK ID FIXTURE tidak ada di DAFTAR_FIXTURE",IF(W26="","CEK ZONA NO kosong",IF(ISNA(MATCH(Y26&"|"&W26,LAYOUT!$E$2:$E$80,0)),"CEK ZONA NO di luar layout",IF(X26<>INDEX(LAYOUT!$D$2:$D$80,MATCH(Y26&"|"&W26,LAYOUT!$E$2:$E$80,0)),"CEK JENIS ZONA",IF($D26="","Zona STOCK",IF($E26="","CEK SKU DESCRIPTION kosong","OK")))))))
A27: Homeware | B27: Kitchenware | C27: Kitchen Tools | D27: 10198154 | E27: TANTA S/S LADLE | G27: ALAT MASAK | H27: C1. KITCHEN TOOLS | I27: TANTA S/S | L27: GND-02 | M27: 1 | N27: Gantungan | O27: =IF(L27="","",IFERROR(INDEX(DAFTAR_FIXTURE!$B$2:$B$51,MATCH(L27,DAFTAR_FIXTURE!$A$2:$A$51,0)),"")) | P27: =IF(AND($D27="",L27=""),"",IF(L27="",IF(AND(Q27="",V27=""),"Belum ditempatkan",""),IF(O27="","CEK ID FIXTURE tidak ada di DAFTAR_FIXTURE",IF(M27="","CEK ZONA NO kosong",IF(ISNA(MATCH(O27&"|"&M27,LAYOUT!$E$2:$E$80,0)),"CEK ZONA NO di luar layout",IF(N27<>INDEX(LAYOUT!$D$2:$D$80,MATCH(O27&"|"&M27,LAYOUT!$E$2:$E$80,0)),"CEK JENIS ZONA",IF($D27="","Zona STOCK",IF($E27="","CEK SKU DESCRIPTION kosong","OK")))))))) | Q27: GND-02 | R27: 2 | S27: Gantungan | T27: =IF(Q27="","",IFERROR(INDEX(DAFTAR_FIXTURE!$B$2:$B$51,MATCH(Q27,DAFTAR_FIXTURE!$A$2:$A$51,0)),"")) | U27: =IF(Q27="","",IF(T27="","CEK ID FIXTURE tidak ada di DAFTAR_FIXTURE",IF(R27="","CEK ZONA NO kosong",IF(ISNA(MATCH(T27&"|"&R27,LAYOUT!$E$2:$E$80,0)),"CEK ZONA NO di luar layout",IF(S27<>INDEX(LAYOUT!$D$2:$D$80,MATCH(T27&"|"&R27,LAYOUT!$E$2:$E$80,0)),"CEK JENIS ZONA",IF($D27="","Zona STOCK",IF($E27="","CEK SKU DESCRIPTION kosong","OK"))))))) | V27: GND-02 | W27: 3 | X27: Gantungan | Y27: =IF(V27="","",IFERROR(INDEX(DAFTAR_FIXTURE!$B$2:$B$51,MATCH(V27,DAFTAR_FIXTURE!$A$2:$A$51,0)),"")) | Z27: =IF(V27="","",IF(Y27="","CEK ID FIXTURE tidak ada di DAFTAR_FIXTURE",IF(W27="","CEK ZONA NO kosong",IF(ISNA(MATCH(Y27&"|"&W27,LAYOUT!$E$2:$E$80,0)),"CEK ZONA NO di luar layout",IF(X27<>INDEX(LAYOUT!$D$2:$D$80,MATCH(Y27&"|"&W27,LAYOUT!$E$2:$E$80,0)),"CEK JENIS ZONA",IF($D27="","Zona STOCK",IF($E27="","CEK SKU DESCRIPTION kosong","OK")))))))
A28: Homeware | B28: Kitchenware | C28: Kitchen Tools | D28: 10198156 | E28: TANTA NYLON SLOTTED TURNER M | G28: ALAT MASAK | H28: C1. KITCHEN TOOLS | I28: TANTA NYLON | L28: GND-02 | M28: 1 | N28: Gantungan | O28: =IF(L28="","",IFERROR(INDEX(DAFTAR_FIXTURE!$B$2:$B$51,MATCH(L28,DAFTAR_FIXTURE!$A$2:$A$51,0)),"")) | P28: =IF(AND($D28="",L28=""),"",IF(L28="",IF(AND(Q28="",V28=""),"Belum ditempatkan",""),IF(O28="","CEK ID FIXTURE tidak ada di DAFTAR_FIXTURE",IF(M28="","CEK ZONA NO kosong",IF(ISNA(MATCH(O28&"|"&M28,LAYOUT!$E$2:$E$80,0)),"CEK ZONA NO di luar layout",IF(N28<>INDEX(LAYOUT!$D$2:$D$80,MATCH(O28&"|"&M28,LAYOUT!$E$2:$E$80,0)),"CEK JENIS ZONA",IF($D28="","Zona STOCK",IF($E28="","CEK SKU DESCRIPTION kosong","OK")))))))) | Q28: GND-02 | R28: 2 | S28: Gantungan | T28: =IF(Q28="","",IFERROR(INDEX(DAFTAR_FIXTURE!$B$2:$B$51,MATCH(Q28,DAFTAR_FIXTURE!$A$2:$A$51,0)),"")) | U28: =IF(Q28="","",IF(T28="","CEK ID FIXTURE tidak ada di DAFTAR_FIXTURE",IF(R28="","CEK ZONA NO kosong",IF(ISNA(MATCH(T28&"|"&R28,LAYOUT!$E$2:$E$80,0)),"CEK ZONA NO di luar layout",IF(S28<>INDEX(LAYOUT!$D$2:$D$80,MATCH(T28&"|"&R28,LAYOUT!$E$2:$E$80,0)),"CEK JENIS ZONA",IF($D28="","Zona STOCK",IF($E28="","CEK SKU DESCRIPTION kosong","OK"))))))) | V28: GND-02 | W28: 3 | X28: Gantungan | Y28: =IF(V28="","",IFERROR(INDEX(DAFTAR_FIXTURE!$B$2:$B$51,MATCH(V28,DAFTAR_FIXTURE!$A$2:$A$51,0)),"")) | Z28: =IF(V28="","",IF(Y28="","CEK ID FIXTURE tidak ada di DAFTAR_FIXTURE",IF(W28="","CEK ZONA NO kosong",IF(ISNA(MATCH(Y28&"|"&W28,LAYOUT!$E$2:$E$80,0)),"CEK ZONA NO di luar layout",IF(X28<>INDEX(LAYOUT!$D$2:$D$80,MATCH(Y28&"|"&W28,LAYOUT!$E$2:$E$80,0)),"CEK JENIS ZONA",IF($D28="","Zona STOCK",IF($E28="","CEK SKU DESCRIPTION kosong","OK")))))))
A29: Homeware | B29: Kitchenware | C29: Kitchen Tools | D29: 10198157 | E29: TANTA NYLON SOLID TURNER L | G29: ALAT MASAK | H29: C1. KITCHEN TOOLS | I29: TANTA NYLON | L29: GND-02 | M29: 1 | N29: Gantungan | O29: =IF(L29="","",IFERROR(INDEX(DAFTAR_FIXTURE!$B$2:$B$51,MATCH(L29,DAFTAR_FIXTURE!$A$2:$A$51,0)),"")) | P29: =IF(AND($D29="",L29=""),"",IF(L29="",IF(AND(Q29="",V29=""),"Belum ditempatkan",""),IF(O29="","CEK ID FIXTURE tidak ada di DAFTAR_FIXTURE",IF(M29="","CEK ZONA NO kosong",IF(ISNA(MATCH(O29&"|"&M29,LAYOUT!$E$2:$E$80,0)),"CEK ZONA NO di luar layout",IF(N29<>INDEX(LAYOUT!$D$2:$D$80,MATCH(O29&"|"&M29,LAYOUT!$E$2:$E$80,0)),"CEK JENIS ZONA",IF($D29="","Zona STOCK",IF($E29="","CEK SKU DESCRIPTION kosong","OK")))))))) | Q29: GND-02 | R29: 2 | S29: Gantungan | T29: =IF(Q29="","",IFERROR(INDEX(DAFTAR_FIXTURE!$B$2:$B$51,MATCH(Q29,DAFTAR_FIXTURE!$A$2:$A$51,0)),"")) | U29: =IF(Q29="","",IF(T29="","CEK ID FIXTURE tidak ada di DAFTAR_FIXTURE",IF(R29="","CEK ZONA NO kosong",IF(ISNA(MATCH(T29&"|"&R29,LAYOUT!$E$2:$E$80,0)),"CEK ZONA NO di luar layout",IF(S29<>INDEX(LAYOUT!$D$2:$D$80,MATCH(T29&"|"&R29,LAYOUT!$E$2:$E$80,0)),"CEK JENIS ZONA",IF($D29="","Zona STOCK",IF($E29="","CEK SKU DESCRIPTION kosong","OK"))))))) | V29: GND-02 | W29: 3 | X29: Gantungan | Y29: =IF(V29="","",IFERROR(INDEX(DAFTAR_FIXTURE!$B$2:$B$51,MATCH(V29,DAFTAR_FIXTURE!$A$2:$A$51,0)),"")) | Z29: =IF(V29="","",IF(Y29="","CEK ID FIXTURE tidak ada di DAFTAR_FIXTURE",IF(W29="","CEK ZONA NO kosong",IF(ISNA(MATCH(Y29&"|"&W29,LAYOUT!$E$2:$E$80,0)),"CEK ZONA NO di luar layout",IF(X29<>INDEX(LAYOUT!$D$2:$D$80,MATCH(Y29&"|"&W29,LAYOUT!$E$2:$E$80,0)),"CEK JENIS ZONA",IF($D29="","Zona STOCK",IF($E29="","CEK SKU DESCRIPTION kosong","OK")))))))
A30: Homeware | B30: Kitchenware | C30: Kitchen Tools | D30: 10198159 | E30: TANTA NYLON LADLE | G30: ALAT MASAK | H30: C1. KITCHEN TOOLS | I30: TANTA NYLON | L30: GND-02 | M30: 1 | N30: Gantungan | O30: =IF(L30="","",IFERROR(INDEX(DAFTAR_FIXTURE!$B$2:$B$51,MATCH(L30,DAFTAR_FIXTURE!$A$2:$A$51,0)),"")) | P30: =IF(AND($D30="",L30=""),"",IF(L30="",IF(AND(Q30="",V30=""),"Belum ditempatkan",""),IF(O30="","CEK ID FIXTURE tidak ada di DAFTAR_FIXTURE",IF(M30="","CEK ZONA NO kosong",IF(ISNA(MATCH(O30&"|"&M30,LAYOUT!$E$2:$E$80,0)),"CEK ZONA NO di luar layout",IF(N30<>INDEX(LAYOUT!$D$2:$D$80,MATCH(O30&"|"&M30,LAYOUT!$E$2:$E$80,0)),"CEK JENIS ZONA",IF($D30="","Zona STOCK",IF($E30="","CEK SKU DESCRIPTION kosong","OK")))))))) | Q30: GND-02 | R30: 2 | S30: Gantungan | T30: =IF(Q30="","",IFERROR(INDEX(DAFTAR_FIXTURE!$B$2:$B$51,MATCH(Q30,DAFTAR_FIXTURE!$A$2:$A$51,0)),"")) | U30: =IF(Q30="","",IF(T30="","CEK ID FIXTURE tidak ada di DAFTAR_FIXTURE",IF(R30="","CEK ZONA NO kosong",IF(ISNA(MATCH(T30&"|"&R30,LAYOUT!$E$2:$E$80,0)),"CEK ZONA NO di luar layout",IF(S30<>INDEX(LAYOUT!$D$2:$D$80,MATCH(T30&"|"&R30,LAYOUT!$E$2:$E$80,0)),"CEK JENIS ZONA",IF($D30="","Zona STOCK",IF($E30="","CEK SKU DESCRIPTION kosong","OK"))))))) | V30: GND-02 | W30: 3 | X30: Gantungan | Y30: =IF(V30="","",IFERROR(INDEX(DAFTAR_FIXTURE!$B$2:$B$51,MATCH(V30,DAFTAR_FIXTURE!$A$2:$A$51,0)),"")) | Z30: =IF(V30="","",IF(Y30="","CEK ID FIXTURE tidak ada di DAFTAR_FIXTURE",IF(W30="","CEK ZONA NO kosong",IF(ISNA(MATCH(Y30&"|"&W30,LAYOUT!$E$2:$E$80,0)),"CEK ZONA NO di luar layout",IF(X30<>INDEX(LAYOUT!$D$2:$D$80,MATCH(Y30&"|"&W30,LAYOUT!$E$2:$E$80,0)),"CEK JENIS ZONA",IF($D30="","Zona STOCK",IF($E30="","CEK SKU DESCRIPTION kosong","OK")))))))
A31: Homeware | B31: Kitchenware | C31: Kitchen Tools | D31: 10198160 | E31: TANTA NYLON WHISK | G31: ALAT MASAK | H31: C1. KITCHEN TOOLS | I31: TANTA NYLON | L31: GND-02 | M31: 1 | N31: Gantungan | O31: =IF(L31="","",IFERROR(INDEX(DAFTAR_FIXTURE!$B$2:$B$51,MATCH(L31,DAFTAR_FIXTURE!$A$2:$A$51,0)),"")) | P31: =IF(AND($D31="",L31=""),"",IF(L31="",IF(AND(Q31="",V31=""),"Belum ditempatkan",""),IF(O31="","CEK ID FIXTURE tidak ada di DAFTAR_FIXTURE",IF(M31="","CEK ZONA NO kosong",IF(ISNA(MATCH(O31&"|"&M31,LAYOUT!$E$2:$E$80,0)),"CEK ZONA NO di luar layout",IF(N31<>INDEX(LAYOUT!$D$2:$D$80,MATCH(O31&"|"&M31,LAYOUT!$E$2:$E$80,0)),"CEK JENIS ZONA",IF($D31="","Zona STOCK",IF($E31="","CEK SKU DESCRIPTION kosong","OK")))))))) | Q31: GND-02 | R31: 2 | S31: Gantungan | T31: =IF(Q31="","",IFERROR(INDEX(DAFTAR_FIXTURE!$B$2:$B$51,MATCH(Q31,DAFTAR_FIXTURE!$A$2:$A$51,0)),"")) | U31: =IF(Q31="","",IF(T31="","CEK ID FIXTURE tidak ada di DAFTAR_FIXTURE",IF(R31="","CEK ZONA NO kosong",IF(ISNA(MATCH(T31&"|"&R31,LAYOUT!$E$2:$E$80,0)),"CEK ZONA NO di luar layout",IF(S31<>INDEX(LAYOUT!$D$2:$D$80,MATCH(T31&"|"&R31,LAYOUT!$E$2:$E$80,0)),"CEK JENIS ZONA",IF($D31="","Zona STOCK",IF($E31="","CEK SKU DESCRIPTION kosong","OK"))))))) | V31: GND-02 | W31: 3 | X31: Gantungan | Y31: =IF(V31="","",IFERROR(INDEX(DAFTAR_FIXTURE!$B$2:$B$51,MATCH(V31,DAFTAR_FIXTURE!$A$2:$A$51,0)),"")) | Z31: =IF(V31="","",IF(Y31="","CEK ID FIXTURE tidak ada di DAFTAR_FIXTURE",IF(W31="","CEK ZONA NO kosong",IF(ISNA(MATCH(Y31&"|"&W31,LAYOUT!$E$2:$E$80,0)),"CEK ZONA NO di luar layout",IF(X31<>INDEX(LAYOUT!$D$2:$D$80,MATCH(Y31&"|"&W31,LAYOUT!$E$2:$E$80,0)),"CEK JENIS ZONA",IF($D31="","Zona STOCK",IF($E31="","CEK SKU DESCRIPTION kosong","OK")))))))
A32: Homeware | B32: Kitchenware | C32: Kitchen Tools | D32: 10198149 | E32: TANTA STRAINER DIA 10CM | G32: ALAT MASAK | H32: C1. KITCHEN TOOLS | I32: TANTA S/S | L32: GND-02 | M32: 4 | N32: Gantungan | O32: =IF(L32="","",IFERROR(INDEX(DAFTAR_FIXTURE!$B$2:$B$51,MATCH(L32,DAFTAR_FIXTURE!$A$2:$A$51,0)),"")) | P32: =IF(AND($D32="",L32=""),"",IF(L32="",IF(AND(Q32="",V32=""),"Belum ditempatkan",""),IF(O32="","CEK ID FIXTURE tidak ada di DAFTAR_FIXTURE",IF(M32="","CEK ZONA NO kosong",IF(ISNA(MATCH(O32&"|"&M32,LAYOUT!$E$2:$E$80,0)),"CEK ZONA NO di luar layout",IF(N32<>INDEX(LAYOUT!$D$2:$D$80,MATCH(O32&"|"&M32,LAYOUT!$E$2:$E$80,0)),"CEK JENIS ZONA",IF($D32="","Zona STOCK",IF($E32="","CEK SKU DESCRIPTION kosong","OK")))))))) | Q32: GND-02 | R32: 2 | S32: Gantungan | T32: =IF(Q32="","",IFERROR(INDEX(DAFTAR_FIXTURE!$B$2:$B$51,MATCH(Q32,DAFTAR_FIXTURE!$A$2:$A$51,0)),"")) | U32: =IF(Q32="","",IF(T32="","CEK ID FIXTURE tidak ada di DAFTAR_FIXTURE",IF(R32="","CEK ZONA NO kosong",IF(ISNA(MATCH(T32&"|"&R32,LAYOUT!$E$2:$E$80,0)),"CEK ZONA NO di luar layout",IF(S32<>INDEX(LAYOUT!$D$2:$D$80,MATCH(T32&"|"&R32,LAYOUT!$E$2:$E$80,0)),"CEK JENIS ZONA",IF($D32="","Zona STOCK",IF($E32="","CEK SKU DESCRIPTION kosong","OK"))))))) | V32: GND-02 | W32: 3 | X32: Gantungan | Y32: =IF(V32="","",IFERROR(INDEX(DAFTAR_FIXTURE!$B$2:$B$51,MATCH(V32,DAFTAR_FIXTURE!$A$2:$A$51,0)),"")) | Z32: =IF(V32="","",IF(Y32="","CEK ID FIXTURE tidak ada di DAFTAR_FIXTURE",IF(W32="","CEK ZONA NO kosong",IF(ISNA(MATCH(Y32&"|"&W32,LAYOUT!$E$2:$E$80,0)),"CEK ZONA NO di luar layout",IF(X32<>INDEX(LAYOUT!$D$2:$D$80,MATCH(Y32&"|"&W32,LAYOUT!$E$2:$E$80,0)),"CEK JENIS ZONA",IF($D32="","Zona STOCK",IF($E32="","CEK SKU DESCRIPTION kosong","OK")))))))
A33: Homeware | B33: Kitchenware | C33: Kitchen Tools | D33: 10198150 | E33: TANTA NYLON TONGS 9 INCH | G33: ALAT MASAK | H33: C1. KITCHEN TOOLS | I33: TANTA NYLON | L33: GND-02 | M33: 4 | N33: Gantungan | O33: =IF(L33="","",IFERROR(INDEX(DAFTAR_FIXTURE!$B$2:$B$51,MATCH(L33,DAFTAR_FIXTURE!$A$2:$A$51,0)),"")) | P33: =IF(AND($D33="",L33=""),"",IF(L33="",IF(AND(Q33="",V33=""),"Belum ditempatkan",""),IF(O33="","CEK ID FIXTURE tidak ada di DAFTAR_FIXTURE",IF(M33="","CEK ZONA NO kosong",IF(ISNA(MATCH(O33&"|"&M33,LAYOUT!$E$2:$E$80,0)),"CEK ZONA NO di luar layout",IF(N33<>INDEX(LAYOUT!$D$2:$D$80,MATCH(O33&"|"&M33,LAYOUT!$E$2:$E$80,0)),"CEK JENIS ZONA",IF($D33="","Zona STOCK",IF($E33="","CEK SKU DESCRIPTION kosong","OK")))))))) | Q33: GND-02 | R33: 2 | S33: Gantungan | T33: =IF(Q33="","",IFERROR(INDEX(DAFTAR_FIXTURE!$B$2:$B$51,MATCH(Q33,DAFTAR_FIXTURE!$A$2:$A$51,0)),"")) | U33: =IF(Q33="","",IF(T33="","CEK ID FIXTURE tidak ada di DAFTAR_FIXTURE",IF(R33="","CEK ZONA NO kosong",IF(ISNA(MATCH(T33&"|"&R33,LAYOUT!$E$2:$E$80,0)),"CEK ZONA NO di luar layout",IF(S33<>INDEX(LAYOUT!$D$2:$D$80,MATCH(T33&"|"&R33,LAYOUT!$E$2:$E$80,0)),"CEK JENIS ZONA",IF($D33="","Zona STOCK",IF($E33="","CEK SKU DESCRIPTION kosong","OK"))))))) | V33: GND-02 | W33: 3 | X33: Gantungan | Y33: =IF(V33="","",IFERROR(INDEX(DAFTAR_FIXTURE!$B$2:$B$51,MATCH(V33,DAFTAR_FIXTURE!$A$2:$A$51,0)),"")) | Z33: =IF(V33="","",IF(Y33="","CEK ID FIXTURE tidak ada di DAFTAR_FIXTURE",IF(W33="","CEK ZONA NO kosong",IF(ISNA(MATCH(Y33&"|"&W33,LAYOUT!$E$2:$E$80,0)),"CEK ZONA NO di luar layout",IF(X33<>INDEX(LAYOUT!$D$2:$D$80,MATCH(Y33&"|"&W33,LAYOUT!$E$2:$E$80,0)),"CEK JENIS ZONA",IF($D33="","Zona STOCK",IF($E33="","CEK SKU DESCRIPTION kosong","OK")))))))
A34: Homeware | B34: Kitchenware | C34: Kitchen Tools | D34: 10198151 | E34: TANTA NYLON TONGS 12 INCH | G34: ALAT MASAK | H34: C1. KITCHEN TOOLS | I34: TANTA NYLON | L34: GND-02 | M34: 4 | N34: Gantungan | O34: =IF(L34="","",IFERROR(INDEX(DAFTAR_FIXTURE!$B$2:$B$51,MATCH(L34,DAFTAR_FIXTURE!$A$2:$A$51,0)),"")) | P34: =IF(AND($D34="",L34=""),"",IF(L34="",IF(AND(Q34="",V34=""),"Belum ditempatkan",""),IF(O34="","CEK ID FIXTURE tidak ada di DAFTAR_FIXTURE",IF(M34="","CEK ZONA NO kosong",IF(ISNA(MATCH(O34&"|"&M34,LAYOUT!$E$2:$E$80,0)),"CEK ZONA NO di luar layout",IF(N34<>INDEX(LAYOUT!$D$2:$D$80,MATCH(O34&"|"&M34,LAYOUT!$E$2:$E$80,0)),"CEK JENIS ZONA",IF($D34="","Zona STOCK",IF($E34="","CEK SKU DESCRIPTION kosong","OK")))))))) | Q34: GND-02 | R34: 2 | S34: Gantungan | T34: =IF(Q34="","",IFERROR(INDEX(DAFTAR_FIXTURE!$B$2:$B$51,MATCH(Q34,DAFTAR_FIXTURE!$A$2:$A$51,0)),"")) | U34: =IF(Q34="","",IF(T34="","CEK ID FIXTURE tidak ada di DAFTAR_FIXTURE",IF(R34="","CEK ZONA NO kosong",IF(ISNA(MATCH(T34&"|"&R34,LAYOUT!$E$2:$E$80,0)),"CEK ZONA NO di luar layout",IF(S34<>INDEX(LAYOUT!$D$2:$D$80,MATCH(T34&"|"&R34,LAYOUT!$E$2:$E$80,0)),"CEK JENIS ZONA",IF($D34="","Zona STOCK",IF($E34="","CEK SKU DESCRIPTION kosong","OK"))))))) | V34: GND-02 | W34: 3 | X34: Gantungan | Y34: =IF(V34="","",IFERROR(INDEX(DAFTAR_FIXTURE!$B$2:$B$51,MATCH(V34,DAFTAR_FIXTURE!$A$2:$A$51,0)),"")) | Z34: =IF(V34="","",IF(Y34="","CEK ID FIXTURE tidak ada di DAFTAR_FIXTURE",IF(W34="","CEK ZONA NO kosong",IF(ISNA(MATCH(Y34&"|"&W34,LAYOUT!$E$2:$E$80,0)),"CEK ZONA NO di luar layout",IF(X34<>INDEX(LAYOUT!$D$2:$D$80,MATCH(Y34&"|"&W34,LAYOUT!$E$2:$E$80,0)),"CEK JENIS ZONA",IF($D34="","Zona STOCK",IF($E34="","CEK SKU DESCRIPTION kosong","OK")))))))
... A40: Homeware | B40: Kitchenware | C40: Kitchen Tools | D40: 10198160 | E40: TANTA NYLON WHISK | G40: ALAT MASAK | H40: C1. KITCHEN TOOLS | I40: TANTA NYLON | L40: GND-02 | M40: 4 | N40: Gantungan | O40: =IF(L40="","",IFERROR(INDEX(DAFTAR_FIXTURE!$B$2:$B$51,MATCH(L40,DAFTAR_FIXTURE!$A$2:$A$51,0)),"")) | P40: =IF(AND($D40="",L40=""),"",IF(L40="",IF(AND(Q40="",V40=""),"Belum ditempatkan",""),IF(O40="","CEK ID FIXTURE tidak ada di DAFTAR_FIXTURE",IF(M40="","CEK ZONA NO kosong",IF(ISNA(MATCH(O40&"|"&M40,LAYOUT!$E$2:$E$80,0)),"CEK ZONA NO di luar layout",IF(N40<>INDEX(LAYOUT!$D$2:$D$80,MATCH(O40&"|"&M40,LAYOUT!$E$2:$E$80,0)),"CEK JENIS ZONA",IF($D40="","Zona STOCK",IF($E40="","CEK SKU DESCRIPTION kosong","OK")))))))) | Q40: GND-02 | R40: 2 | S40: Gantungan | T40: =IF(Q40="","",IFERROR(INDEX(DAFTAR_FIXTURE!$B$2:$B$51,MATCH(Q40,DAFTAR_FIXTURE!$A$2:$A$51,0)),"")) | U40: =IF(Q40="","",IF(T40="","CEK ID FIXTURE tidak ada di DAFTAR_FIXTURE",IF(R40="","CEK ZONA NO kosong",IF(ISNA(MATCH(T40&"|"&R40,LAYOUT!$E$2:$E$80,0)),"CEK ZONA NO di luar layout",IF(S40<>INDEX(LAYOUT!$D$2:$D$80,MATCH(T40&"|"&R40,LAYOUT!$E$2:$E$80,0)),"CEK JENIS ZONA",IF($D40="","Zona STOCK",IF($E40="","CEK SKU DESCRIPTION kosong","OK"))))))) | V40: GND-02 | W40: 3 | X40: Gantungan | Y40: =IF(V40="","",IFERROR(INDEX(DAFTAR_FIXTURE!$B$2:$B$51,MATCH(V40,DAFTAR_FIXTURE!$A$2:$A$51,0)),"")) | Z40: =IF(V40="","",IF(Y40="","CEK ID FIXTURE tidak ada di DAFTAR_FIXTURE",IF(W40="","CEK ZONA NO kosong",IF(ISNA(MATCH(Y40&"|"&W40,LAYOUT!$E$2:$E$80,0)),"CEK ZONA NO di luar layout",IF(X40<>INDEX(LAYOUT!$D$2:$D$80,MATCH(Y40&"|"&W40,LAYOUT!$E$2:$E$80,0)),"CEK JENIS ZONA",IF($D40="","Zona STOCK",IF($E40="","CEK SKU DESCRIPTION kosong","OK")))))))
A41: Homeware | B41: Kitchenware | C41: Kitchen Tools | D41: 10198149 | E41: TANTA STRAINER DIA 10CM | G41: ALAT MASAK | H41: C1. KITCHEN TOOLS | I41: TANTA S/S | L41: GND-02 | M41: 4 | N41: Gantungan | O41: =IF(L41="","",IFERROR(INDEX(DAFTAR_FIXTURE!$B$2:$B$51,MATCH(L41,DAFTAR_FIXTURE!$A$2:$A$51,0)),"")) | P41: =IF(AND($D41="",L41=""),"",IF(L41="",IF(AND(Q41="",V41=""),"Belum ditempatkan",""),IF(O41="","CEK ID FIXTURE tidak ada di DAFTAR_FIXTURE",IF(M41="","CEK ZONA NO kosong",IF(ISNA(MATCH(O41&"|"&M41,LAYOUT!$E$2:$E$80,0)),"CEK ZONA NO di luar layout",IF(N41<>INDEX(LAYOUT!$D$2:$D$80,MATCH(O41&"|"&M41,LAYOUT!$E$2:$E$80,0)),"CEK JENIS ZONA",IF($D41="","Zona STOCK",IF($E41="","CEK SKU DESCRIPTION kosong","OK")))))))) | T41: =IF(Q41="","",IFERROR(INDEX(DAFTAR_FIXTURE!$B$2:$B$51,MATCH(Q41,DAFTAR_FIXTURE!$A$2:$A$51,0)),"")) | U41: =IF(Q41="","",IF(T41="","CEK ID FIXTURE tidak ada di DAFTAR_FIXTURE",IF(R41="","CEK ZONA NO kosong",IF(ISNA(MATCH(T41&"|"&R41,LAYOUT!$E$2:$E$80,0)),"CEK ZONA NO di luar layout",IF(S41<>INDEX(LAYOUT!$D$2:$D$80,MATCH(T41&"|"&R41,LAYOUT!$E$2:$E$80,0)),"CEK JENIS ZONA",IF($D41="","Zona STOCK",IF($E41="","CEK SKU DESCRIPTION kosong","OK"))))))) | Y41: =IF(V41="","",IFERROR(INDEX(DAFTAR_FIXTURE!$B$2:$B$51,MATCH(V41,DAFTAR_FIXTURE!$A$2:$A$51,0)),"")) | Z41: =IF(V41="","",IF(Y41="","CEK ID FIXTURE tidak ada di DAFTAR_FIXTURE",IF(W41="","CEK ZONA NO kosong",IF(ISNA(MATCH(Y41&"|"&W41,LAYOUT!$E$2:$E$80,0)),"CEK ZONA NO di luar layout",IF(X41<>INDEX(LAYOUT!$D$2:$D$80,MATCH(Y41&"|"&W41,LAYOUT!$E$2:$E$80,0)),"CEK JENIS ZONA",IF($D41="","Zona STOCK",IF($E41="","CEK SKU DESCRIPTION kosong","OK")))))))
A42: Homeware | B42: Kitchenware | C42: Kitchen Tools | D42: 10198150 | E42: TANTA NYLON TONGS 9 INCH | G42: ALAT MASAK | H42: C1. KITCHEN TOOLS | I42: TANTA NYLON | L42: GND-02 | M42: 4 | N42: Gantungan | O42: =IF(L42="","",IFERROR(INDEX(DAFTAR_FIXTURE!$B$2:$B$51,MATCH(L42,DAFTAR_FIXTURE!$A$2:$A$51,0)),"")) | P42: =IF(AND($D42="",L42=""),"",IF(L42="",IF(AND(Q42="",V42=""),"Belum ditempatkan",""),IF(O42="","CEK ID FIXTURE tidak ada di DAFTAR_FIXTURE",IF(M42="","CEK ZONA NO kosong",IF(ISNA(MATCH(O42&"|"&M42,LAYOUT!$E$2:$E$80,0)),"CEK ZONA NO di luar layout",IF(N42<>INDEX(LAYOUT!$D$2:$D$80,MATCH(O42&"|"&M42,LAYOUT!$E$2:$E$80,0)),"CEK JENIS ZONA",IF($D42="","Zona STOCK",IF($E42="","CEK SKU DESCRIPTION kosong","OK")))))))) | Q42: WLL-03 | R42: 3 | S42: Rak | T42: =IF(Q42="","",IFERROR(INDEX(DAFTAR_FIXTURE!$B$2:$B$51,MATCH(Q42,DAFTAR_FIXTURE!$A$2:$A$51,0)),"")) | U42: =IF(Q42="","",IF(T42="","CEK ID FIXTURE tidak ada di DAFTAR_FIXTURE",IF(R42="","CEK ZONA NO kosong",IF(ISNA(MATCH(T42&"|"&R42,LAYOUT!$E$2:$E$80,0)),"CEK ZONA NO di luar layout",IF(S42<>INDEX(LAYOUT!$D$2:$D$80,MATCH(T42&"|"&R42,LAYOUT!$E$2:$E$80,0)),"CEK JENIS ZONA",IF($D42="","Zona STOCK",IF($E42="","CEK SKU DESCRIPTION kosong","OK"))))))) | Y42: =IF(V42="","",IFERROR(INDEX(DAFTAR_FIXTURE!$B$2:$B$51,MATCH(V42,DAFTAR_FIXTURE!$A$2:$A$51,0)),"")) | Z42: =IF(V42="","",IF(Y42="","CEK ID FIXTURE tidak ada di DAFTAR_FIXTURE",IF(W42="","CEK ZONA NO kosong",IF(ISNA(MATCH(Y42&"|"&W42,LAYOUT!$E$2:$E$80,0)),"CEK ZONA NO di luar layout",IF(X42<>INDEX(LAYOUT!$D$2:$D$80,MATCH(Y42&"|"&W42,LAYOUT!$E$2:$E$80,0)),"CEK JENIS ZONA",IF($D42="","Zona STOCK",IF($E42="","CEK SKU DESCRIPTION kosong","OK")))))))
A43: Homeware | B43: Kitchenware | C43: Kitchen Tools | D43: 10198151 | E43: TANTA NYLON TONGS 12 INCH | G43: ALAT MASAK | H43: C1. KITCHEN TOOLS | I43: TANTA NYLON | L43: GND-02 | M43: 4 | N43: Gantungan | O43: =IF(L43="","",IFERROR(INDEX(DAFTAR_FIXTURE!$B$2:$B$51,MATCH(L43,DAFTAR_FIXTURE!$A$2:$A$51,0)),"")) | P43: =IF(AND($D43="",L43=""),"",IF(L43="",IF(AND(Q43="",V43=""),"Belum ditempatkan",""),IF(O43="","CEK ID FIXTURE tidak ada di DAFTAR_FIXTURE",IF(M43="","CEK ZONA NO kosong",IF(ISNA(MATCH(O43&"|"&M43,LAYOUT!$E$2:$E$80,0)),"CEK ZONA NO di luar layout",IF(N43<>INDEX(LAYOUT!$D$2:$D$80,MATCH(O43&"|"&M43,LAYOUT!$E$2:$E$80,0)),"CEK JENIS ZONA",IF($D43="","Zona STOCK",IF($E43="","CEK SKU DESCRIPTION kosong","OK")))))))) | Q43: WLL-03 | R43: 3 | S43: Rak | T43: =IF(Q43="","",IFERROR(INDEX(DAFTAR_FIXTURE!$B$2:$B$51,MATCH(Q43,DAFTAR_FIXTURE!$A$2:$A$51,0)),"")) | U43: =IF(Q43="","",IF(T43="","CEK ID FIXTURE tidak ada di DAFTAR_FIXTURE",IF(R43="","CEK ZONA NO kosong",IF(ISNA(MATCH(T43&"|"&R43,LAYOUT!$E$2:$E$80,0)),"CEK ZONA NO di luar layout",IF(S43<>INDEX(LAYOUT!$D$2:$D$80,MATCH(T43&"|"&R43,LAYOUT!$E$2:$E$80,0)),"CEK JENIS ZONA",IF($D43="","Zona STOCK",IF($E43="","CEK SKU DESCRIPTION kosong","OK"))))))) | Y43: =IF(V43="","",IFERROR(INDEX(DAFTAR_FIXTURE!$B$2:$B$51,MATCH(V43,DAFTAR_FIXTURE!$A$2:$A$51,0)),"")) | Z43: =IF(V43="","",IF(Y43="","CEK ID FIXTURE tidak ada di DAFTAR_FIXTURE",IF(W43="","CEK ZONA NO kosong",IF(ISNA(MATCH(Y43&"|"&W43,LAYOUT!$E$2:$E$80,0)),"CEK ZONA NO di luar layout",IF(X43<>INDEX(LAYOUT!$D$2:$D$80,MATCH(Y43&"|"&W43,LAYOUT!$E$2:$E$80,0)),"CEK JENIS ZONA",IF($D43="","Zona STOCK",IF($E43="","CEK SKU DESCRIPTION kosong","OK")))))))
A44: Homeware | B44: Kitchenware | C44: Kitchen Tools | D44: 10198152 | E44: TANTA S/S SOLID TURNER M | G44: ALAT MASAK | H44: C1. KITCHEN TOOLS | I44: TANTA S/S | L44: GND-02 | M44: 4 | N44: Gantungan | O44: =IF(L44="","",IFERROR(INDEX(DAFTAR_FIXTURE!$B$2:$B$51,MATCH(L44,DAFTAR_FIXTURE!$A$2:$A$51,0)),"")) | P44: =IF(AND($D44="",L44=""),"",IF(L44="",IF(AND(Q44="",V44=""),"Belum ditempatkan",""),IF(O44="","CEK ID FIXTURE tidak ada di DAFTAR_FIXTURE",IF(M44="","CEK ZONA NO kosong",IF(ISNA(MATCH(O44&"|"&M44,LAYOUT!$E$2:$E$80,0)),"CEK ZONA NO di luar layout",IF(N44<>INDEX(LAYOUT!$D$2:$D$80,MATCH(O44&"|"&M44,LAYOUT!$E$2:$E$80,0)),"CEK JENIS ZONA",IF($D44="","Zona STOCK",IF($E44="","CEK SKU DESCRIPTION kosong","OK")))))))) | Q44: WLL-03 | R44: 3 | S44: Rak | T44: =IF(Q44="","",IFERROR(INDEX(DAFTAR_FIXTURE!$B$2:$B$51,MATCH(Q44,DAFTAR_FIXTURE!$A$2:$A$51,0)),"")) | U44: =IF(Q44="","",IF(T44="","CEK ID FIXTURE tidak ada di DAFTAR_FIXTURE",IF(R44="","CEK ZONA NO kosong",IF(ISNA(MATCH(T44&"|"&R44,LAYOUT!$E$2:$E$80,0)),"CEK ZONA NO di luar layout",IF(S44<>INDEX(LAYOUT!$D$2:$D$80,MATCH(T44&"|"&R44,LAYOUT!$E$2:$E$80,0)),"CEK JENIS ZONA",IF($D44="","Zona STOCK",IF($E44="","CEK SKU DESCRIPTION kosong","OK"))))))) | Y44: =IF(V44="","",IFERROR(INDEX(DAFTAR_FIXTURE!$B$2:$B$51,MATCH(V44,DAFTAR_FIXTURE!$A$2:$A$51,0)),"")) | Z44: =IF(V44="","",IF(Y44="","CEK ID FIXTURE tidak ada di DAFTAR_FIXTURE",IF(W44="","CEK ZONA NO kosong",IF(ISNA(MATCH(Y44&"|"&W44,LAYOUT!$E$2:$E$80,0)),"CEK ZONA NO di luar layout",IF(X44<>INDEX(LAYOUT!$D$2:$D$80,MATCH(Y44&"|"&W44,LAYOUT!$E$2:$E$80,0)),"CEK JENIS ZONA",IF($D44="","Zona STOCK",IF($E44="","CEK SKU DESCRIPTION kosong","OK")))))))
A45: Homeware | B45: Kitchenware | C45: Kitchen Tools | D45: 10198154 | E45: TANTA S/S LADLE | G45: ALAT MASAK | H45: C1. KITCHEN TOOLS | I45: TANTA S/S | L45: GND-02 | M45: 4 | N45: Gantungan | O45: =IF(L45="","",IFERROR(INDEX(DAFTAR_FIXTURE!$B$2:$B$51,MATCH(L45,DAFTAR_FIXTURE!$A$2:$A$51,0)),"")) | P45: =IF(AND($D45="",L45=""),"",IF(L45="",IF(AND(Q45="",V45=""),"Belum ditempatkan",""),IF(O45="","CEK ID FIXTURE tidak ada di DAFTAR_FIXTURE",IF(M45="","CEK ZONA NO kosong",IF(ISNA(MATCH(O45&"|"&M45,LAYOUT!$E$2:$E$80,0)),"CEK ZONA NO di luar layout",IF(N45<>INDEX(LAYOUT!$D$2:$D$80,MATCH(O45&"|"&M45,LAYOUT!$E$2:$E$80,0)),"CEK JENIS ZONA",IF($D45="","Zona STOCK",IF($E45="","CEK SKU DESCRIPTION kosong","OK")))))))) | T45: =IF(Q45="","",IFERROR(INDEX(DAFTAR_FIXTURE!$B$2:$B$51,MATCH(Q45,DAFTAR_FIXTURE!$A$2:$A$51,0)),"")) | U45: =IF(Q45="","",IF(T45="","CEK ID FIXTURE tidak ada di DAFTAR_FIXTURE",IF(R45="","CEK ZONA NO kosong",IF(ISNA(MATCH(T45&"|"&R45,LAYOUT!$E$2:$E$80,0)),"CEK ZONA NO di luar layout",IF(S45<>INDEX(LAYOUT!$D$2:$D$80,MATCH(T45&"|"&R45,LAYOUT!$E$2:$E$80,0)),"CEK JENIS ZONA",IF($D45="","Zona STOCK",IF($E45="","CEK SKU DESCRIPTION kosong","OK"))))))) | Y45: =IF(V45="","",IFERROR(INDEX(DAFTAR_FIXTURE!$B$2:$B$51,MATCH(V45,DAFTAR_FIXTURE!$A$2:$A$51,0)),"")) | Z45: =IF(V45="","",IF(Y45="","CEK ID FIXTURE tidak ada di DAFTAR_FIXTURE",IF(W45="","CEK ZONA NO kosong",IF(ISNA(MATCH(Y45&"|"&W45,LAYOUT!$E$2:$E$80,0)),"CEK ZONA NO di luar layout",IF(X45<>INDEX(LAYOUT!$D$2:$D$80,MATCH(Y45&"|"&W45,LAYOUT!$E$2:$E$80,0)),"CEK JENIS ZONA",IF($D45="","Zona STOCK",IF($E45="","CEK SKU DESCRIPTION kosong","OK")))))))
A46: Homeware | B46: Kitchenware | C46: Kitchen Tools | D46: 10198156 | E46: TANTA NYLON SLOTTED TURNER M | G46: ALAT MASAK | H46: C1. KITCHEN TOOLS | I46: TANTA NYLON | L46: GND-02 | M46: 4 | N46: Gantungan | O46: =IF(L46="","",IFERROR(INDEX(DAFTAR_FIXTURE!$B$2:$B$51,MATCH(L46,DAFTAR_FIXTURE!$A$2:$A$51,0)),"")) | P46: =IF(AND($D46="",L46=""),"",IF(L46="",IF(AND(Q46="",V46=""),"Belum ditempatkan",""),IF(O46="","CEK ID FIXTURE tidak ada di DAFTAR_FIXTURE",IF(M46="","CEK ZONA NO kosong",IF(ISNA(MATCH(O46&"|"&M46,LAYOUT!$E$2:$E$80,0)),"CEK ZONA NO di luar layout",IF(N46<>INDEX(LAYOUT!$D$2:$D$80,MATCH(O46&"|"&M46,LAYOUT!$E$2:$E$80,0)),"CEK JENIS ZONA",IF($D46="","Zona STOCK",IF($E46="","CEK SKU DESCRIPTION kosong","OK")))))))) | T46: =IF(Q46="","",IFERROR(INDEX(DAFTAR_FIXTURE!$B$2:$B$51,MATCH(Q46,DAFTAR_FIXTURE!$A$2:$A$51,0)),"")) | U46: =IF(Q46="","",IF(T46="","CEK ID FIXTURE tidak ada di DAFTAR_FIXTURE",IF(R46="","CEK ZONA NO kosong",IF(ISNA(MATCH(T46&"|"&R46,LAYOUT!$E$2:$E$80,0)),"CEK ZONA NO di luar layout",IF(S46<>INDEX(LAYOUT!$D$2:$D$80,MATCH(T46&"|"&R46,LAYOUT!$E$2:$E$80,0)),"CEK JENIS ZONA",IF($D46="","Zona STOCK",IF($E46="","CEK SKU DESCRIPTION kosong","OK"))))))) | Y46: =IF(V46="","",IFERROR(INDEX(DAFTAR_FIXTURE!$B$2:$B$51,MATCH(V46,DAFTAR_FIXTURE!$A$2:$A$51,0)),"")) | Z46: =IF(V46="","",IF(Y46="","CEK ID FIXTURE tidak ada di DAFTAR_FIXTURE",IF(W46="","CEK ZONA NO kosong",IF(ISNA(MATCH(Y46&"|"&W46,LAYOUT!$E$2:$E$80,0)),"CEK ZONA NO di luar layout",IF(X46<>INDEX(LAYOUT!$D$2:$D$80,MATCH(Y46&"|"&W46,LAYOUT!$E$2:$E$80,0)),"CEK JENIS ZONA",IF($D46="","Zona STOCK",IF($E46="","CEK SKU DESCRIPTION kosong","OK")))))))
A47: Homeware | B47: Kitchenware | C47: Kitchen Tools | D47: 10198157 | E47: TANTA NYLON SOLID TURNER L | G47: ALAT MASAK | H47: C1. KITCHEN TOOLS | I47: TANTA NYLON | L47: GND-02 | M47: 4 | N47: Gantungan | O47: =IF(L47="","",IFERROR(INDEX(DAFTAR_FIXTURE!$B$2:$B$51,MATCH(L47,DAFTAR_FIXTURE!$A$2:$A$51,0)),"")) | P47: =IF(AND($D47="",L47=""),"",IF(L47="",IF(AND(Q47="",V47=""),"Belum ditempatkan",""),IF(O47="","CEK ID FIXTURE tidak ada di DAFTAR_FIXTURE",IF(M47="","CEK ZONA NO kosong",IF(ISNA(MATCH(O47&"|"&M47,LAYOUT!$E$2:$E$80,0)),"CEK ZONA NO di luar layout",IF(N47<>INDEX(LAYOUT!$D$2:$D$80,MATCH(O47&"|"&M47,LAYOUT!$E$2:$E$80,0)),"CEK JENIS ZONA",IF($D47="","Zona STOCK",IF($E47="","CEK SKU DESCRIPTION kosong","OK")))))))) | T47: =IF(Q47="","",IFERROR(INDEX(DAFTAR_FIXTURE!$B$2:$B$51,MATCH(Q47,DAFTAR_FIXTURE!$A$2:$A$51,0)),"")) | U47: =IF(Q47="","",IF(T47="","CEK ID FIXTURE tidak ada di DAFTAR_FIXTURE",IF(R47="","CEK ZONA NO kosong",IF(ISNA(MATCH(T47&"|"&R47,LAYOUT!$E$2:$E$80,0)),"CEK ZONA NO di luar layout",IF(S47<>INDEX(LAYOUT!$D$2:$D$80,MATCH(T47&"|"&R47,LAYOUT!$E$2:$E$80,0)),"CEK JENIS ZONA",IF($D47="","Zona STOCK",IF($E47="","CEK SKU DESCRIPTION kosong","OK"))))))) | Y47: =IF(V47="","",IFERROR(INDEX(DAFTAR_FIXTURE!$B$2:$B$51,MATCH(V47,DAFTAR_FIXTURE!$A$2:$A$51,0)),"")) | Z47: =IF(V47="","",IF(Y47="","CEK ID FIXTURE tidak ada di DAFTAR_FIXTURE",IF(W47="","CEK ZONA NO kosong",IF(ISNA(MATCH(Y47&"|"&W47,LAYOUT!$E$2:$E$80,0)),"CEK ZONA NO di luar layout",IF(X47<>INDEX(LAYOUT!$D$2:$D$80,MATCH(Y47&"|"&W47,LAYOUT!$E$2:$E$80,0)),"CEK JENIS ZONA",IF($D47="","Zona STOCK",IF($E47="","CEK SKU DESCRIPTION kosong","OK")))))))
A48: Homeware | B48: Kitchenware | C48: Kitchen Tools | D48: 10198159 | E48: TANTA NYLON LADLE | G48: ALAT MASAK | H48: C1. KITCHEN TOOLS | I48: TANTA NYLON | L48: GND-02 | M48: 4 | N48: Gantungan | O48: =IF(L48="","",IFERROR(INDEX(DAFTAR_FIXTURE!$B$2:$B$51,MATCH(L48,DAFTAR_FIXTURE!$A$2:$A$51,0)),"")) | P48: =IF(AND($D48="",L48=""),"",IF(L48="",IF(AND(Q48="",V48=""),"Belum ditempatkan",""),IF(O48="","CEK ID FIXTURE tidak ada di DAFTAR_FIXTURE",IF(M48="","CEK ZONA NO kosong",IF(ISNA(MATCH(O48&"|"&M48,LAYOUT!$E$2:$E$80,0)),"CEK ZONA NO di luar layout",IF(N48<>INDEX(LAYOUT!$D$2:$D$80,MATCH(O48&"|"&M48,LAYOUT!$E$2:$E$80,0)),"CEK JENIS ZONA",IF($D48="","Zona STOCK",IF($E48="","CEK SKU DESCRIPTION kosong","OK")))))))) | T48: =IF(Q48="","",IFERROR(INDEX(DAFTAR_FIXTURE!$B$2:$B$51,MATCH(Q48,DAFTAR_FIXTURE!$A$2:$A$51,0)),"")) | U48: =IF(Q48="","",IF(T48="","CEK ID FIXTURE tidak ada di DAFTAR_FIXTURE",IF(R48="","CEK ZONA NO kosong",IF(ISNA(MATCH(T48&"|"&R48,LAYOUT!$E$2:$E$80,0)),"CEK ZONA NO di luar layout",IF(S48<>INDEX(LAYOUT!$D$2:$D$80,MATCH(T48&"|"&R48,LAYOUT!$E$2:$E$80,0)),"CEK JENIS ZONA",IF($D48="","Zona STOCK",IF($E48="","CEK SKU DESCRIPTION kosong","OK"))))))) | Y48: =IF(V48="","",IFERROR(INDEX(DAFTAR_FIXTURE!$B$2:$B$51,MATCH(V48,DAFTAR_FIXTURE!$A$2:$A$51,0)),"")) | Z48: =IF(V48="","",IF(Y48="","CEK ID FIXTURE tidak ada di DAFTAR_FIXTURE",IF(W48="","CEK ZONA NO kosong",IF(ISNA(MATCH(Y48&"|"&W48,LAYOUT!$E$2:$E$80,0)),"CEK ZONA NO di luar layout",IF(X48<>INDEX(LAYOUT!$D$2:$D$80,MATCH(Y48&"|"&W48,LAYOUT!$E$2:$E$80,0)),"CEK JENIS ZONA",IF($D48="","Zona STOCK",IF($E48="","CEK SKU DESCRIPTION kosong","OK")))))))
A49: Homeware | B49: Kitchenware | C49: Kitchen Tools | D49: 10198160 | E49: TANTA NYLON WHISK | G49: ALAT MASAK | H49: C1. KITCHEN TOOLS | I49: TANTA NYLON | L49: GND-02 | M49: 4 | N49: Gantungan | O49: =IF(L49="","",IFERROR(INDEX(DAFTAR_FIXTURE!$B$2:$B$51,MATCH(L49,DAFTAR_FIXTURE!$A$2:$A$51,0)),"")) | P49: =IF(AND($D49="",L49=""),"",IF(L49="",IF(AND(Q49="",V49=""),"Belum ditempatkan",""),IF(O49="","CEK ID FIXTURE tidak ada di DAFTAR_FIXTURE",IF(M49="","CEK ZONA NO kosong",IF(ISNA(MATCH(O49&"|"&M49,LAYOUT!$E$2:$E$80,0)),"CEK ZONA NO di luar layout",IF(N49<>INDEX(LAYOUT!$D$2:$D$80,MATCH(O49&"|"&M49,LAYOUT!$E$2:$E$80,0)),"CEK JENIS ZONA",IF($D49="","Zona STOCK",IF($E49="","CEK SKU DESCRIPTION kosong","OK")))))))) | T49: =IF(Q49="","",IFERROR(INDEX(DAFTAR_FIXTURE!$B$2:$B$51,MATCH(Q49,DAFTAR_FIXTURE!$A$2:$A$51,0)),"")) | U49: =IF(Q49="","",IF(T49="","CEK ID FIXTURE tidak ada di DAFTAR_FIXTURE",IF(R49="","CEK ZONA NO kosong",IF(ISNA(MATCH(T49&"|"&R49,LAYOUT!$E$2:$E$80,0)),"CEK ZONA NO di luar layout",IF(S49<>INDEX(LAYOUT!$D$2:$D$80,MATCH(T49&"|"&R49,LAYOUT!$E$2:$E$80,0)),"CEK JENIS ZONA",IF($D49="","Zona STOCK",IF($E49="","CEK SKU DESCRIPTION kosong","OK"))))))) | Y49: =IF(V49="","",IFERROR(INDEX(DAFTAR_FIXTURE!$B$2:$B$51,MATCH(V49,DAFTAR_FIXTURE!$A$2:$A$51,0)),"")) | Z49: =IF(V49="","",IF(Y49="","CEK ID FIXTURE tidak ada di DAFTAR_FIXTURE",IF(W49="","CEK ZONA NO kosong",IF(ISNA(MATCH(Y49&"|"&W49,LAYOUT!$E$2:$E$80,0)),"CEK ZONA NO di luar layout",IF(X49<>INDEX(LAYOUT!$D$2:$D$80,MATCH(Y49&"|"&W49,LAYOUT!$E$2:$E$80,0)),"CEK JENIS ZONA",IF($D49="","Zona STOCK",IF($E49="","CEK SKU DESCRIPTION kosong","OK")))))))
A50: Homeware | B50: Cookware | C50: Pots & Pans | D50: 10421603 | E50: KINGSTON SAUCEPAN WITH LID 16CM GREEN | G50: MASAK | H50: B2. COOKWARE | I50: KINGSTON | L50: END-01 | M50: 1 | N50: Rak | O50: =IF(L50="","",IFERROR(INDEX(DAFTAR_FIXTURE!$B$2:$B$51,MATCH(L50,DAFTAR_FIXTURE!$A$2:$A$51,0)),"")) | P50: =IF(AND($D50="",L50=""),"",IF(L50="",IF(AND(Q50="",V50=""),"Belum ditempatkan",""),IF(O50="","CEK ID FIXTURE tidak ada di DAFTAR_FIXTURE",IF(M50="","CEK ZONA NO kosong",IF(ISNA(MATCH(O50&"|"&M50,LAYOUT!$E$2:$E$80,0)),"CEK ZONA NO di luar layout",IF(N50<>INDEX(LAYOUT!$D$2:$D$80,MATCH(O50&"|"&M50,LAYOUT!$E$2:$E$80,0)),"CEK JENIS ZONA",IF($D50="","Zona STOCK",IF($E50="","CEK SKU DESCRIPTION kosong","OK")))))))) | T50: =IF(Q50="","",IFERROR(INDEX(DAFTAR_FIXTURE!$B$2:$B$51,MATCH(Q50,DAFTAR_FIXTURE!$A$2:$A$51,0)),"")) | U50: =IF(Q50="","",IF(T50="","CEK ID FIXTURE tidak ada di DAFTAR_FIXTURE",IF(R50="","CEK ZONA NO kosong",IF(ISNA(MATCH(T50&"|"&R50,LAYOUT!$E$2:$E$80,0)),"CEK ZONA NO di luar layout",IF(S50<>INDEX(LAYOUT!$D$2:$D$80,MATCH(T50&"|"&R50,LAYOUT!$E$2:$E$80,0)),"CEK JENIS ZONA",IF($D50="","Zona STOCK",IF($E50="","CEK SKU DESCRIPTION kosong","OK"))))))) | Y50: =IF(V50="","",IFERROR(INDEX(DAFTAR_FIXTURE!$B$2:$B$51,MATCH(V50,DAFTAR_FIXTURE!$A$2:$A$51,0)),"")) | Z50: =IF(V50="","",IF(Y50="","CEK ID FIXTURE tidak ada di DAFTAR_FIXTURE",IF(W50="","CEK ZONA NO kosong",IF(ISNA(MATCH(Y50&"|"&W50,LAYOUT!$E$2:$E$80,0)),"CEK ZONA NO di luar layout",IF(X50<>INDEX(LAYOUT!$D$2:$D$80,MATCH(Y50&"|"&W50,LAYOUT!$E$2:$E$80,0)),"CEK JENIS ZONA",IF($D50="","Zona STOCK",IF($E50="","CEK SKU DESCRIPTION kosong","OK")))))))
A51: Homeware | B51: Cookware | C51: Pots & Pans | D51: 10421608 | E51: KINGSTON CASSEROLE WITH LID 20 CM GREEN | G51: MASAK | H51: B2. COOKWARE | I51: KINGSTON | L51: END-01 | M51: 2 | N51: Rak | O51: =IF(L51="","",IFERROR(INDEX(DAFTAR_FIXTURE!$B$2:$B$51,MATCH(L51,DAFTAR_FIXTURE!$A$2:$A$51,0)),"")) | P51: =IF(AND($D51="",L51=""),"",IF(L51="",IF(AND(Q51="",V51=""),"Belum ditempatkan",""),IF(O51="","CEK ID FIXTURE tidak ada di DAFTAR_FIXTURE",IF(M51="","CEK ZONA NO kosong",IF(ISNA(MATCH(O51&"|"&M51,LAYOUT!$E$2:$E$80,0)),"CEK ZONA NO di luar layout",IF(N51<>INDEX(LAYOUT!$D$2:$D$80,MATCH(O51&"|"&M51,LAYOUT!$E$2:$E$80,0)),"CEK JENIS ZONA",IF($D51="","Zona STOCK",IF($E51="","CEK SKU DESCRIPTION kosong","OK")))))))) | T51: =IF(Q51="","",IFERROR(INDEX(DAFTAR_FIXTURE!$B$2:$B$51,MATCH(Q51,DAFTAR_FIXTURE!$A$2:$A$51,0)),"")) | U51: =IF(Q51="","",IF(T51="","CEK ID FIXTURE tidak ada di DAFTAR_FIXTURE",IF(R51="","CEK ZONA NO kosong",IF(ISNA(MATCH(T51&"|"&R51,LAYOUT!$E$2:$E$80,0)),"CEK ZONA NO di luar layout",IF(S51<>INDEX(LAYOUT!$D$2:$D$80,MATCH(T51&"|"&R51,LAYOUT!$E$2:$E$80,0)),"CEK JENIS ZONA",IF($D51="","Zona STOCK",IF($E51="","CEK SKU DESCRIPTION kosong","OK"))))))) | Y51: =IF(V51="","",IFERROR(INDEX(DAFTAR_FIXTURE!$B$2:$B$51,MATCH(V51,DAFTAR_FIXTURE!$A$2:$A$51,0)),"")) | Z51: =IF(V51="","",IF(Y51="","CEK ID FIXTURE tidak ada di DAFTAR_FIXTURE",IF(W51="","CEK ZONA NO kosong",IF(ISNA(MATCH(Y51&"|"&W51,LAYOUT!$E$2:$E$80,0)),"CEK ZONA NO di luar layout",IF(X51<>INDEX(LAYOUT!$D$2:$D$80,MATCH(Y51&"|"&W51,LAYOUT!$E$2:$E$80,0)),"CEK JENIS ZONA",IF($D51="","Zona STOCK",IF($E51="","CEK SKU DESCRIPTION kosong","OK")))))))
A52: Homeware | B52: Cookware | C52: Pots & Pans | D52: 10421610 | E52: KINGSTON GRILL PAN 24CM GREEN | G52: MASAK | H52: B2. COOKWARE | I52: KINGSTON | L52: END-01 | M52: 3 | N52: Rak | O52: =IF(L52="","",IFERROR(INDEX(DAFTAR_FIXTURE!$B$2:$B$51,MATCH(L52,DAFTAR_FIXTURE!$A$2:$A$51,0)),"")) | P52: =IF(AND($D52="",L52=""),"",IF(L52="",IF(AND(Q52="",V52=""),"Belum ditempatkan",""),IF(O52="","CEK ID FIXTURE tidak ada di DAFTAR_FIXTURE",IF(M52="","CEK ZONA NO kosong",IF(ISNA(MATCH(O52&"|"&M52,LAYOUT!$E$2:$E$80,0)),"CEK ZONA NO di luar layout",IF(N52<>INDEX(LAYOUT!$D$2:$D$80,MATCH(O52&"|"&M52,LAYOUT!$E$2:$E$80,0)),"CEK JENIS ZONA",IF($D52="","Zona STOCK",IF($E52="","CEK SKU DESCRIPTION kosong","OK")))))))) | T52: =IF(Q52="","",IFERROR(INDEX(DAFTAR_FIXTURE!$B$2:$B$51,MATCH(Q52,DAFTAR_FIXTURE!$A$2:$A$51,0)),"")) | U52: =IF(Q52="","",IF(T52="","CEK ID FIXTURE tidak ada di DAFTAR_FIXTURE",IF(R52="","CEK ZONA NO kosong",IF(ISNA(MATCH(T52&"|"&R52,LAYOUT!$E$2:$E$80,0)),"CEK ZONA NO di luar layout",IF(S52<>INDEX(LAYOUT!$D$2:$D$80,MATCH(T52&"|"&R52,LAYOUT!$E$2:$E$80,0)),"CEK JENIS ZONA",IF($D52="","Zona STOCK",IF($E52="","CEK SKU DESCRIPTION kosong","OK"))))))) | Y52: =IF(V52="","",IFERROR(INDEX(DAFTAR_FIXTURE!$B$2:$B$51,MATCH(V52,DAFTAR_FIXTURE!$A$2:$A$51,0)),"")) | Z52: =IF(V52="","",IF(Y52="","CEK ID FIXTURE tidak ada di DAFTAR_FIXTURE",IF(W52="","CEK ZONA NO kosong",IF(ISNA(MATCH(Y52&"|"&W52,LAYOUT!$E$2:$E$80,0)),"CEK ZONA NO di luar layout",IF(X52<>INDEX(LAYOUT!$D$2:$D$80,MATCH(Y52&"|"&W52,LAYOUT!$E$2:$E$80,0)),"CEK JENIS ZONA",IF($D52="","Zona STOCK",IF($E52="","CEK SKU DESCRIPTION kosong","OK")))))))
A53: Homeware | B53: Cookware | C53: Pots & Pans | D53: 10421614 | E53: KIRA WOK 2 HANDLE W LID AND UTENSIL BRN | G53: MASAK | H53: B2. COOKWARE | I53: KIRA | L53: END-01 | M53: 4 | N53: Rak | O53: =IF(L53="","",IFERROR(INDEX(DAFTAR_FIXTURE!$B$2:$B$51,MATCH(L53,DAFTAR_FIXTURE!$A$2:$A$51,0)),"")) | P53: =IF(AND($D53="",L53=""),"",IF(L53="",IF(AND(Q53="",V53=""),"Belum ditempatkan",""),IF(O53="","CEK ID FIXTURE tidak ada di DAFTAR_FIXTURE",IF(M53="","CEK ZONA NO kosong",IF(ISNA(MATCH(O53&"|"&M53,LAYOUT!$E$2:$E$80,0)),"CEK ZONA NO di luar layout",IF(N53<>INDEX(LAYOUT!$D$2:$D$80,MATCH(O53&"|"&M53,LAYOUT!$E$2:$E$80,0)),"CEK JENIS ZONA",IF($D53="","Zona STOCK",IF($E53="","CEK SKU DESCRIPTION kosong","OK")))))))) | T53: =IF(Q53="","",IFERROR(INDEX(DAFTAR_FIXTURE!$B$2:$B$51,MATCH(Q53,DAFTAR_FIXTURE!$A$2:$A$51,0)),"")) | U53: =IF(Q53="","",IF(T53="","CEK ID FIXTURE tidak ada di DAFTAR_FIXTURE",IF(R53="","CEK ZONA NO kosong",IF(ISNA(MATCH(T53&"|"&R53,LAYOUT!$E$2:$E$80,0)),"CEK ZONA NO di luar layout",IF(S53<>INDEX(LAYOUT!$D$2:$D$80,MATCH(T53&"|"&R53,LAYOUT!$E$2:$E$80,0)),"CEK JENIS ZONA",IF($D53="","Zona STOCK",IF($E53="","CEK SKU DESCRIPTION kosong","OK"))))))) | Y53: =IF(V53="","",IFERROR(INDEX(DAFTAR_FIXTURE!$B$2:$B$51,MATCH(V53,DAFTAR_FIXTURE!$A$2:$A$51,0)),"")) | Z53: =IF(V53="","",IF(Y53="","CEK ID FIXTURE tidak ada di DAFTAR_FIXTURE",IF(W53="","CEK ZONA NO kosong",IF(ISNA(MATCH(Y53&"|"&W53,LAYOUT!$E$2:$E$80,0)),"CEK ZONA NO di luar layout",IF(X53<>INDEX(LAYOUT!$D$2:$D$80,MATCH(Y53&"|"&W53,LAYOUT!$E$2:$E$80,0)),"CEK JENIS ZONA",IF($D53="","Zona STOCK",IF($E53="","CEK SKU DESCRIPTION kosong","OK")))))))
A54: Homeware | B54: Drinkware | C54: Glassware | D54: 10099887 | E54: ELAN WATER GLASS SET 414ML (6) | G54: MAKAN | H54: A1. GLASSWARE | I54: ELAN | L54: PLT-01 | M54: 1 | N54: Rak | O54: =IF(L54="","",IFERROR(INDEX(DAFTAR_FIXTURE!$B$2:$B$51,MATCH(L54,DAFTAR_FIXTURE!$A$2:$A$51,0)),"")) | P54: =IF(AND($D54="",L54=""),"",IF(L54="",IF(AND(Q54="",V54=""),"Belum ditempatkan",""),IF(O54="","CEK ID FIXTURE tidak ada di DAFTAR_FIXTURE",IF(M54="","CEK ZONA NO kosong",IF(ISNA(MATCH(O54&"|"&M54,LAYOUT!$E$2:$E$80,0)),"CEK ZONA NO di luar layout",IF(N54<>INDEX(LAYOUT!$D$2:$D$80,MATCH(O54&"|"&M54,LAYOUT!$E$2:$E$80,0)),"CEK JENIS ZONA",IF($D54="","Zona STOCK",IF($E54="","CEK SKU DESCRIPTION kosong","OK")))))))) | T54: =IF(Q54="","",IFERROR(INDEX(DAFTAR_FIXTURE!$B$2:$B$51,MATCH(Q54,DAFTAR_FIXTURE!$A$2:$A$51,0)),"")) | U54: =IF(Q54="","",IF(T54="","CEK ID FIXTURE tidak ada di DAFTAR_FIXTURE",IF(R54="","CEK ZONA NO kosong",IF(ISNA(MATCH(T54&"|"&R54,LAYOUT!$E$2:$E$80,0)),"CEK ZONA NO di luar layout",IF(S54<>INDEX(LAYOUT!$D$2:$D$80,MATCH(T54&"|"&R54,LAYOUT!$E$2:$E$80,0)),"CEK JENIS ZONA",IF($D54="","Zona STOCK",IF($E54="","CEK SKU DESCRIPTION kosong","OK"))))))) | Y54: =IF(V54="","",IFERROR(INDEX(DAFTAR_FIXTURE!$B$2:$B$51,MATCH(V54,DAFTAR_FIXTURE!$A$2:$A$51,0)),"")) | Z54: =IF(V54="","",IF(Y54="","CEK ID FIXTURE tidak ada di DAFTAR_FIXTURE",IF(W54="","CEK ZONA NO kosong",IF(ISNA(MATCH(Y54&"|"&W54,LAYOUT!$E$2:$E$80,0)),"CEK ZONA NO di luar layout",IF(X54<>INDEX(LAYOUT!$D$2:$D$80,MATCH(Y54&"|"&W54,LAYOUT!$E$2:$E$80,0)),"CEK JENIS ZONA",IF($D54="","Zona STOCK",IF($E54="","CEK SKU DESCRIPTION kosong","OK")))))))
A55: Homeware | B55: Drinkware | C55: Glassware | D55: 10099940 | E55: INVERNESS WATER GLASS SET 355ML (6) | G55: MAKAN | H55: A1. GLASSWARE | I55: INVERNESS | L55: PLT-01 | M55: 1 | N55: Rak | O55: =IF(L55="","",IFERROR(INDEX(DAFTAR_FIXTURE!$B$2:$B$51,MATCH(L55,DAFTAR_FIXTURE!$A$2:$A$51,0)),"")) | P55: =IF(AND($D55="",L55=""),"",IF(L55="",IF(AND(Q55="",V55=""),"Belum ditempatkan",""),IF(O55="","CEK ID FIXTURE tidak ada di DAFTAR_FIXTURE",IF(M55="","CEK ZONA NO kosong",IF(ISNA(MATCH(O55&"|"&M55,LAYOUT!$E$2:$E$80,0)),"CEK ZONA NO di luar layout",IF(N55<>INDEX(LAYOUT!$D$2:$D$80,MATCH(O55&"|"&M55,LAYOUT!$E$2:$E$80,0)),"CEK JENIS ZONA",IF($D55="","Zona STOCK",IF($E55="","CEK SKU DESCRIPTION kosong","OK")))))))) | T55: =IF(Q55="","",IFERROR(INDEX(DAFTAR_FIXTURE!$B$2:$B$51,MATCH(Q55,DAFTAR_FIXTURE!$A$2:$A$51,0)),"")) | U55: =IF(Q55="","",IF(T55="","CEK ID FIXTURE tidak ada di DAFTAR_FIXTURE",IF(R55="","CEK ZONA NO kosong",IF(ISNA(MATCH(T55&"|"&R55,LAYOUT!$E$2:$E$80,0)),"CEK ZONA NO di luar layout",IF(S55<>INDEX(LAYOUT!$D$2:$D$80,MATCH(T55&"|"&R55,LAYOUT!$E$2:$E$80,0)),"CEK JENIS ZONA",IF($D55="","Zona STOCK",IF($E55="","CEK SKU DESCRIPTION kosong","OK"))))))) | Y55: =IF(V55="","",IFERROR(INDEX(DAFTAR_FIXTURE!$B$2:$B$51,MATCH(V55,DAFTAR_FIXTURE!$A$2:$A$51,0)),"")) | Z55: =IF(V55="","",IF(Y55="","CEK ID FIXTURE tidak ada di DAFTAR_FIXTURE",IF(W55="","CEK ZONA NO kosong",IF(ISNA(MATCH(Y55&"|"&W55,LAYOUT!$E$2:$E$80,0)),"CEK ZONA NO di luar layout",IF(X55<>INDEX(LAYOUT!$D$2:$D$80,MATCH(Y55&"|"&W55,LAYOUT!$E$2:$E$80,0)),"CEK JENIS ZONA",IF($D55="","Zona STOCK",IF($E55="","CEK SKU DESCRIPTION kosong","OK")))))))
A56: Homeware | B56: Tableware | C56: Serving Set | D56: 10681572 | E56: SERVING GLASS OVAL PLATER ZOE GOLD | G56: MAKAN | H56: A2. SERVINGWARE | I56: W/GOLD RACK GLASS | L56: GND-01 | M56: 3 | N56: Rak | O56: =IF(L56="","",IFERROR(INDEX(DAFTAR_FIXTURE!$B$2:$B$51,MATCH(L56,DAFTAR_FIXTURE!$A$2:$A$51,0)),"")) | P56: =IF(AND($D56="",L56=""),"",IF(L56="",IF(AND(Q56="",V56=""),"Belum ditempatkan",""),IF(O56="","CEK ID FIXTURE tidak ada di DAFTAR_FIXTURE",IF(M56="","CEK ZONA NO kosong",IF(ISNA(MATCH(O56&"|"&M56,LAYOUT!$E$2:$E$80,0)),"CEK ZONA NO di luar layout",IF(N56<>INDEX(LAYOUT!$D$2:$D$80,MATCH(O56&"|"&M56,LAYOUT!$E$2:$E$80,0)),"CEK JENIS ZONA",IF($D56="","Zona STOCK",IF($E56="","CEK SKU DESCRIPTION kosong","OK")))))))) | Q56: WLL-02 | R56: 4 | S56: Rak | T56: =IF(Q56="","",IFERROR(INDEX(DAFTAR_FIXTURE!$B$2:$B$51,MATCH(Q56,DAFTAR_FIXTURE!$A$2:$A$51,0)),"")) | U56: =IF(Q56="","",IF(T56="","CEK ID FIXTURE tidak ada di DAFTAR_FIXTURE",IF(R56="","CEK ZONA NO kosong",IF(ISNA(MATCH(T56&"|"&R56,LAYOUT!$E$2:$E$80,0)),"CEK ZONA NO di luar layout",IF(S56<>INDEX(LAYOUT!$D$2:$D$80,MATCH(T56&"|"&R56,LAYOUT!$E$2:$E$80,0)),"CEK JENIS ZONA",IF($D56="","Zona STOCK",IF($E56="","CEK SKU DESCRIPTION kosong","OK"))))))) | Y56: =IF(V56="","",IFERROR(INDEX(DAFTAR_FIXTURE!$B$2:$B$51,MATCH(V56,DAFTAR_FIXTURE!$A$2:$A$51,0)),"")) | Z56: =IF(V56="","",IF(Y56="","CEK ID FIXTURE tidak ada di DAFTAR_FIXTURE",IF(W56="","CEK ZONA NO kosong",IF(ISNA(MATCH(Y56&"|"&W56,LAYOUT!$E$2:$E$80,0)),"CEK ZONA NO di luar layout",IF(X56<>INDEX(LAYOUT!$D$2:$D$80,MATCH(Y56&"|"&W56,LAYOUT!$E$2:$E$80,0)),"CEK JENIS ZONA",IF($D56="","Zona STOCK",IF($E56="","CEK SKU DESCRIPTION kosong","OK")))))))
A57: Homeware | B57: Tableware | C57: Serving Set | D57: 10681573 | E57: SERVING GLASS SQR TWO RACK ZENA GOLD | G57: MAKAN | H57: A2. SERVINGWARE | I57: W/GOLD RACK GLASS | L57: GND-01 | M57: 3 | N57: Rak | O57: =IF(L57="","",IFERROR(INDEX(DAFTAR_FIXTURE!$B$2:$B$51,MATCH(L57,DAFTAR_FIXTURE!$A$2:$A$51,0)),"")) | P57: =IF(AND($D57="",L57=""),"",IF(L57="",IF(AND(Q57="",V57=""),"Belum ditempatkan",""),IF(O57="","CEK ID FIXTURE tidak ada di DAFTAR_FIXTURE",IF(M57="","CEK ZONA NO kosong",IF(ISNA(MATCH(O57&"|"&M57,LAYOUT!$E$2:$E$80,0)),"CEK ZONA NO di luar layout",IF(N57<>INDEX(LAYOUT!$D$2:$D$80,MATCH(O57&"|"&M57,LAYOUT!$E$2:$E$80,0)),"CEK JENIS ZONA",IF($D57="","Zona STOCK",IF($E57="","CEK SKU DESCRIPTION kosong","OK")))))))) | T57: =IF(Q57="","",IFERROR(INDEX(DAFTAR_FIXTURE!$B$2:$B$51,MATCH(Q57,DAFTAR_FIXTURE!$A$2:$A$51,0)),"")) | U57: =IF(Q57="","",IF(T57="","CEK ID FIXTURE tidak ada di DAFTAR_FIXTURE",IF(R57="","CEK ZONA NO kosong",IF(ISNA(MATCH(T57&"|"&R57,LAYOUT!$E$2:$E$80,0)),"CEK ZONA NO di luar layout",IF(S57<>INDEX(LAYOUT!$D$2:$D$80,MATCH(T57&"|"&R57,LAYOUT!$E$2:$E$80,0)),"CEK JENIS ZONA",IF($D57="","Zona STOCK",IF($E57="","CEK SKU DESCRIPTION kosong","OK"))))))) | Y57: =IF(V57="","",IFERROR(INDEX(DAFTAR_FIXTURE!$B$2:$B$51,MATCH(V57,DAFTAR_FIXTURE!$A$2:$A$51,0)),"")) | Z57: =IF(V57="","",IF(Y57="","CEK ID FIXTURE tidak ada di DAFTAR_FIXTURE",IF(W57="","CEK ZONA NO kosong",IF(ISNA(MATCH(Y57&"|"&W57,LAYOUT!$E$2:$E$80,0)),"CEK ZONA NO di luar layout",IF(X57<>INDEX(LAYOUT!$D$2:$D$80,MATCH(Y57&"|"&W57,LAYOUT!$E$2:$E$80,0)),"CEK JENIS ZONA",IF($D57="","Zona STOCK",IF($E57="","CEK SKU DESCRIPTION kosong","OK")))))))
A58: Homeware | B58: Tableware | C58: Serving Set | D58: 10681574 | E58: SERVING GLASS RND TWO RACK ZIA GOLD | G58: MAKAN | H58: A2. SERVINGWARE | I58: W/GOLD RACK GLASS | L58: GND-01 | M58: 3 | N58: Rak | O58: =IF(L58="","",IFERROR(INDEX(DAFTAR_FIXTURE!$B$2:$B$51,MATCH(L58,DAFTAR_FIXTURE!$A$2:$A$51,0)),"")) | P58: =IF(AND($D58="",L58=""),"",IF(L58="",IF(AND(Q58="",V58=""),"Belum ditempatkan",""),IF(O58="","CEK ID FIXTURE tidak ada di DAFTAR_FIXTURE",IF(M58="","CEK ZONA NO kosong",IF(ISNA(MATCH(O58&"|"&M58,LAYOUT!$E$2:$E$80,0)),"CEK ZONA NO di luar layout",IF(N58<>INDEX(LAYOUT!$D$2:$D$80,MATCH(O58&"|"&M58,LAYOUT!$E$2:$E$80,0)),"CEK JENIS ZONA",IF($D58="","Zona STOCK",IF($E58="","CEK SKU DESCRIPTION kosong","OK")))))))) | T58: =IF(Q58="","",IFERROR(INDEX(DAFTAR_FIXTURE!$B$2:$B$51,MATCH(Q58,DAFTAR_FIXTURE!$A$2:$A$51,0)),"")) | U58: =IF(Q58="","",IF(T58="","CEK ID FIXTURE tidak ada di DAFTAR_FIXTURE",IF(R58="","CEK ZONA NO kosong",IF(ISNA(MATCH(T58&"|"&R58,LAYOUT!$E$2:$E$80,0)),"CEK ZONA NO di luar layout",IF(S58<>INDEX(LAYOUT!$D$2:$D$80,MATCH(T58&"|"&R58,LAYOUT!$E$2:$E$80,0)),"CEK JENIS ZONA",IF($D58="","Zona STOCK",IF($E58="","CEK SKU DESCRIPTION kosong","OK"))))))) | Y58: =IF(V58="","",IFERROR(INDEX(DAFTAR_FIXTURE!$B$2:$B$51,MATCH(V58,DAFTAR_FIXTURE!$A$2:$A$51,0)),"")) | Z58: =IF(V58="","",IF(Y58="","CEK ID FIXTURE tidak ada di DAFTAR_FIXTURE",IF(W58="","CEK ZONA NO kosong",IF(ISNA(MATCH(Y58&"|"&W58,LAYOUT!$E$2:$E$80,0)),"CEK ZONA NO di luar layout",IF(X58<>INDEX(LAYOUT!$D$2:$D$80,MATCH(Y58&"|"&W58,LAYOUT!$E$2:$E$80,0)),"CEK JENIS ZONA",IF($D58="","Zona STOCK",IF($E58="","CEK SKU DESCRIPTION kosong","OK")))))))
A59: Homeware | B59: Storage | C59: Food Storage | D59: 10682153 | E59: EID 2026 GLASS JAR SET OF 3 900ML | G59: PENYIMPANAN | H59: E4. CANISTER | I59: GLASS FANCY | L59: GND-01 | M59: 4 | N59: Rak | O59: =IF(L59="","",IFERROR(INDEX(DAFTAR_FIXTURE!$B$2:$B$51,MATCH(L59,DAFTAR_FIXTURE!$A$2:$A$51,0)),"")) | P59: =IF(AND($D59="",L59=""),"",IF(L59="",IF(AND(Q59="",V59=""),"Belum ditempatkan",""),IF(O59="","CEK ID FIXTURE tidak ada di DAFTAR_FIXTURE",IF(M59="","CEK ZONA NO kosong",IF(ISNA(MATCH(O59&"|"&M59,LAYOUT!$E$2:$E$80,0)),"CEK ZONA NO di luar layout",IF(N59<>INDEX(LAYOUT!$D$2:$D$80,MATCH(O59&"|"&M59,LAYOUT!$E$2:$E$80,0)),"CEK JENIS ZONA",IF($D59="","Zona STOCK",IF($E59="","CEK SKU DESCRIPTION kosong","OK")))))))) | Q59: WLL-01 | R59: 5 | S59: Rak | T59: =IF(Q59="","",IFERROR(INDEX(DAFTAR_FIXTURE!$B$2:$B$51,MATCH(Q59,DAFTAR_FIXTURE!$A$2:$A$51,0)),"")) | U59: =IF(Q59="","",IF(T59="","CEK ID FIXTURE tidak ada di DAFTAR_FIXTURE",IF(R59="","CEK ZONA NO kosong",IF(ISNA(MATCH(T59&"|"&R59,LAYOUT!$E$2:$E$80,0)),"CEK ZONA NO di luar layout",IF(S59<>INDEX(LAYOUT!$D$2:$D$80,MATCH(T59&"|"&R59,LAYOUT!$E$2:$E$80,0)),"CEK JENIS ZONA",IF($D59="","Zona STOCK",IF($E59="","CEK SKU DESCRIPTION kosong","OK"))))))) | Y59: =IF(V59="","",IFERROR(INDEX(DAFTAR_FIXTURE!$B$2:$B$51,MATCH(V59,DAFTAR_FIXTURE!$A$2:$A$51,0)),"")) | Z59: =IF(V59="","",IF(Y59="","CEK ID FIXTURE tidak ada di DAFTAR_FIXTURE",IF(W59="","CEK ZONA NO kosong",IF(ISNA(MATCH(Y59&"|"&W59,LAYOUT!$E$2:$E$80,0)),"CEK ZONA NO di luar layout",IF(X59<>INDEX(LAYOUT!$D$2:$D$80,MATCH(Y59&"|"&W59,LAYOUT!$E$2:$E$80,0)),"CEK JENIS ZONA",IF($D59="","Zona STOCK",IF($E59="","CEK SKU DESCRIPTION kosong","OK")))))))
A60: Homeware | B60: Storage | C60: Food Storage | D60: 10682154 | E60: GRETTA GLASS JAR SET OF 4 WITH RACK | G60: PENYIMPANAN | H60: E4. CANISTER | I60: GLASS BASIC | L60: GND-01 | M60: 4 | N60: Rak | O60: =IF(L60="","",IFERROR(INDEX(DAFTAR_FIXTURE!$B$2:$B$51,MATCH(L60,DAFTAR_FIXTURE!$A$2:$A$51,0)),"")) | P60: =IF(AND($D60="",L60=""),"",IF(L60="",IF(AND(Q60="",V60=""),"Belum ditempatkan",""),IF(O60="","CEK ID FIXTURE tidak ada di DAFTAR_FIXTURE",IF(M60="","CEK ZONA NO kosong",IF(ISNA(MATCH(O60&"|"&M60,LAYOUT!$E$2:$E$80,0)),"CEK ZONA NO di luar layout",IF(N60<>INDEX(LAYOUT!$D$2:$D$80,MATCH(O60&"|"&M60,LAYOUT!$E$2:$E$80,0)),"CEK JENIS ZONA",IF($D60="","Zona STOCK",IF($E60="","CEK SKU DESCRIPTION kosong","OK")))))))) | T60: =IF(Q60="","",IFERROR(INDEX(DAFTAR_FIXTURE!$B$2:$B$51,MATCH(Q60,DAFTAR_FIXTURE!$A$2:$A$51,0)),"")) | U60: =IF(Q60="","",IF(T60="","CEK ID FIXTURE tidak ada di DAFTAR_FIXTURE",IF(R60="","CEK ZONA NO kosong",IF(ISNA(MATCH(T60&"|"&R60,LAYOUT!$E$2:$E$80,0)),"CEK ZONA NO di luar layout",IF(S60<>INDEX(LAYOUT!$D$2:$D$80,MATCH(T60&"|"&R60,LAYOUT!$E$2:$E$80,0)),"CEK JENIS ZONA",IF($D60="","Zona STOCK",IF($E60="","CEK SKU DESCRIPTION kosong","OK"))))))) | Y60: =IF(V60="","",IFERROR(INDEX(DAFTAR_FIXTURE!$B$2:$B$51,MATCH(V60,DAFTAR_FIXTURE!$A$2:$A$51,0)),"")) | Z60: =IF(V60="","",IF(Y60="","CEK ID FIXTURE tidak ada di DAFTAR_FIXTURE",IF(W60="","CEK ZONA NO kosong",IF(ISNA(MATCH(Y60&"|"&W60,LAYOUT!$E$2:$E$80,0)),"CEK ZONA NO di luar layout",IF(X60<>INDEX(LAYOUT!$D$2:$D$80,MATCH(Y60&"|"&W60,LAYOUT!$E$2:$E$80,0)),"CEK JENIS ZONA",IF($D60="","Zona STOCK",IF($E60="","CEK SKU DESCRIPTION kosong","OK")))))))
A61: Homeware | B61: Storage | C61: Food Storage | D61: 10682155 | E61: GRETTA GLASS JAR SET OF 3 WITH RACK | G61: PENYIMPANAN | H61: E4. CANISTER | I61: GLASS BASIC | L61: GND-01 | M61: 4 | N61: Rak | O61: =IF(L61="","",IFERROR(INDEX(DAFTAR_FIXTURE!$B$2:$B$51,MATCH(L61,DAFTAR_FIXTURE!$A$2:$A$51,0)),"")) | P61: =IF(AND($D61="",L61=""),"",IF(L61="",IF(AND(Q61="",V61=""),"Belum ditempatkan",""),IF(O61="","CEK ID FIXTURE tidak ada di DAFTAR_FIXTURE",IF(M61="","CEK ZONA NO kosong",IF(ISNA(MATCH(O61&"|"&M61,LAYOUT!$E$2:$E$80,0)),"CEK ZONA NO di luar layout",IF(N61<>INDEX(LAYOUT!$D$2:$D$80,MATCH(O61&"|"&M61,LAYOUT!$E$2:$E$80,0)),"CEK JENIS ZONA",IF($D61="","Zona STOCK",IF($E61="","CEK SKU DESCRIPTION kosong","OK")))))))) | T61: =IF(Q61="","",IFERROR(INDEX(DAFTAR_FIXTURE!$B$2:$B$51,MATCH(Q61,DAFTAR_FIXTURE!$A$2:$A$51,0)),"")) | U61: =IF(Q61="","",IF(T61="","CEK ID FIXTURE tidak ada di DAFTAR_FIXTURE",IF(R61="","CEK ZONA NO kosong",IF(ISNA(MATCH(T61&"|"&R61,LAYOUT!$E$2:$E$80,0)),"CEK ZONA NO di luar layout",IF(S61<>INDEX(LAYOUT!$D$2:$D$80,MATCH(T61&"|"&R61,LAYOUT!$E$2:$E$80,0)),"CEK JENIS ZONA",IF($D61="","Zona STOCK",IF($E61="","CEK SKU DESCRIPTION kosong","OK"))))))) | Y61: =IF(V61="","",IFERROR(INDEX(DAFTAR_FIXTURE!$B$2:$B$51,MATCH(V61,DAFTAR_FIXTURE!$A$2:$A$51,0)),"")) | Z61: =IF(V61="","",IF(Y61="","CEK ID FIXTURE tidak ada di DAFTAR_FIXTURE",IF(W61="","CEK ZONA NO kosong",IF(ISNA(MATCH(Y61&"|"&W61,LAYOUT!$E$2:$E$80,0)),"CEK ZONA NO di luar layout",IF(X61<>INDEX(LAYOUT!$D$2:$D$80,MATCH(Y61&"|"&W61,LAYOUT!$E$2:$E$80,0)),"CEK JENIS ZONA",IF($D61="","Zona STOCK",IF($E61="","CEK SKU DESCRIPTION kosong","OK")))))))
A62: Homeware | B62: Storage | C62: Food Storage | D62: 10681993 | E62: POLLA RICE BIN 5KG BEIGE | G62: MASAK | H62: D11. KITCHEN PLASTICWARE | I62: POLLA | L62: GND-01 | M62: 4 | N62: Rak | O62: =IF(L62="","",IFERROR(INDEX(DAFTAR_FIXTURE!$B$2:$B$51,MATCH(L62,DAFTAR_FIXTURE!$A$2:$A$51,0)),"")) | P62: =IF(AND($D62="",L62=""),"",IF(L62="",IF(AND(Q62="",V62=""),"Belum ditempatkan",""),IF(O62="","CEK ID FIXTURE tidak ada di DAFTAR_FIXTURE",IF(M62="","CEK ZONA NO kosong",IF(ISNA(MATCH(O62&"|"&M62,LAYOUT!$E$2:$E$80,0)),"CEK ZONA NO di luar layout",IF(N62<>INDEX(LAYOUT!$D$2:$D$80,MATCH(O62&"|"&M62,LAYOUT!$E$2:$E$80,0)),"CEK JENIS ZONA",IF($D62="","Zona STOCK",IF($E62="","CEK SKU DESCRIPTION kosong","OK")))))))) | T62: =IF(Q62="","",IFERROR(INDEX(DAFTAR_FIXTURE!$B$2:$B$51,MATCH(Q62,DAFTAR_FIXTURE!$A$2:$A$51,0)),"")) | U62: =IF(Q62="","",IF(T62="","CEK ID FIXTURE tidak ada di DAFTAR_FIXTURE",IF(R62="","CEK ZONA NO kosong",IF(ISNA(MATCH(T62&"|"&R62,LAYOUT!$E$2:$E$80,0)),"CEK ZONA NO di luar layout",IF(S62<>INDEX(LAYOUT!$D$2:$D$80,MATCH(T62&"|"&R62,LAYOUT!$E$2:$E$80,0)),"CEK JENIS ZONA",IF($D62="","Zona STOCK",IF($E62="","CEK SKU DESCRIPTION kosong","OK"))))))) | Y62: =IF(V62="","",IFERROR(INDEX(DAFTAR_FIXTURE!$B$2:$B$51,MATCH(V62,DAFTAR_FIXTURE!$A$2:$A$51,0)),"")) | Z62: =IF(V62="","",IF(Y62="","CEK ID FIXTURE tidak ada di DAFTAR_FIXTURE",IF(W62="","CEK ZONA NO kosong",IF(ISNA(MATCH(Y62&"|"&W62,LAYOUT!$E$2:$E$80,0)),"CEK ZONA NO di luar layout",IF(X62<>INDEX(LAYOUT!$D$2:$D$80,MATCH(Y62&"|"&W62,LAYOUT!$E$2:$E$80,0)),"CEK JENIS ZONA",IF($D62="","Zona STOCK",IF($E62="","CEK SKU DESCRIPTION kosong","OK")))))))
A63: Homeware | B63: Tableware | C63: Plates & Bowls | D63: 238182 | E63: COUPLE PLATE 27CM SIMPLE PLUS | L63: WLL-02 | M63: 1 | N63: Rak | O63: =IF(L63="","",IFERROR(INDEX(DAFTAR_FIXTURE!$B$2:$B$51,MATCH(L63,DAFTAR_FIXTURE!$A$2:$A$51,0)),"")) | P63: =IF(AND($D63="",L63=""),"",IF(L63="",IF(AND(Q63="",V63=""),"Belum ditempatkan",""),IF(O63="","CEK ID FIXTURE tidak ada di DAFTAR_FIXTURE",IF(M63="","CEK ZONA NO kosong",IF(ISNA(MATCH(O63&"|"&M63,LAYOUT!$E$2:$E$80,0)),"CEK ZONA NO di luar layout",IF(N63<>INDEX(LAYOUT!$D$2:$D$80,MATCH(O63&"|"&M63,LAYOUT!$E$2:$E$80,0)),"CEK JENIS ZONA",IF($D63="","Zona STOCK",IF($E63="","CEK SKU DESCRIPTION kosong","OK")))))))) | T63: =IF(Q63="","",IFERROR(INDEX(DAFTAR_FIXTURE!$B$2:$B$51,MATCH(Q63,DAFTAR_FIXTURE!$A$2:$A$51,0)),"")) | U63: =IF(Q63="","",IF(T63="","CEK ID FIXTURE tidak ada di DAFTAR_FIXTURE",IF(R63="","CEK ZONA NO kosong",IF(ISNA(MATCH(T63&"|"&R63,LAYOUT!$E$2:$E$80,0)),"CEK ZONA NO di luar layout",IF(S63<>INDEX(LAYOUT!$D$2:$D$80,MATCH(T63&"|"&R63,LAYOUT!$E$2:$E$80,0)),"CEK JENIS ZONA",IF($D63="","Zona STOCK",IF($E63="","CEK SKU DESCRIPTION kosong","OK"))))))) | Y63: =IF(V63="","",IFERROR(INDEX(DAFTAR_FIXTURE!$B$2:$B$51,MATCH(V63,DAFTAR_FIXTURE!$A$2:$A$51,0)),"")) | Z63: =IF(V63="","",IF(Y63="","CEK ID FIXTURE tidak ada di DAFTAR_FIXTURE",IF(W63="","CEK ZONA NO kosong",IF(ISNA(MATCH(Y63&"|"&W63,LAYOUT!$E$2:$E$80,0)),"CEK ZONA NO di luar layout",IF(X63<>INDEX(LAYOUT!$D$2:$D$80,MATCH(Y63&"|"&W63,LAYOUT!$E$2:$E$80,0)),"CEK JENIS ZONA",IF($D63="","Zona STOCK",IF($E63="","CEK SKU DESCRIPTION kosong","OK")))))))
A64: Homeware | B64: Tableware | C64: Plates & Bowls | D64: 238187 | E64: RECT PLATE 14.5CMX22CM SIMPLE PLUS | L64: WLL-02 | M64: 1 | N64: Rak | O64: =IF(L64="","",IFERROR(INDEX(DAFTAR_FIXTURE!$B$2:$B$51,MATCH(L64,DAFTAR_FIXTURE!$A$2:$A$51,0)),"")) | P64: =IF(AND($D64="",L64=""),"",IF(L64="",IF(AND(Q64="",V64=""),"Belum ditempatkan",""),IF(O64="","CEK ID FIXTURE tidak ada di DAFTAR_FIXTURE",IF(M64="","CEK ZONA NO kosong",IF(ISNA(MATCH(O64&"|"&M64,LAYOUT!$E$2:$E$80,0)),"CEK ZONA NO di luar layout",IF(N64<>INDEX(LAYOUT!$D$2:$D$80,MATCH(O64&"|"&M64,LAYOUT!$E$2:$E$80,0)),"CEK JENIS ZONA",IF($D64="","Zona STOCK",IF($E64="","CEK SKU DESCRIPTION kosong","OK")))))))) | T64: =IF(Q64="","",IFERROR(INDEX(DAFTAR_FIXTURE!$B$2:$B$51,MATCH(Q64,DAFTAR_FIXTURE!$A$2:$A$51,0)),"")) | U64: =IF(Q64="","",IF(T64="","CEK ID FIXTURE tidak ada di DAFTAR_FIXTURE",IF(R64="","CEK ZONA NO kosong",IF(ISNA(MATCH(T64&"|"&R64,LAYOUT!$E$2:$E$80,0)),"CEK ZONA NO di luar layout",IF(S64<>INDEX(LAYOUT!$D$2:$D$80,MATCH(T64&"|"&R64,LAYOUT!$E$2:$E$80,0)),"CEK JENIS ZONA",IF($D64="","Zona STOCK",IF($E64="","CEK SKU DESCRIPTION kosong","OK"))))))) | Y64: =IF(V64="","",IFERROR(INDEX(DAFTAR_FIXTURE!$B$2:$B$51,MATCH(V64,DAFTAR_FIXTURE!$A$2:$A$51,0)),"")) | Z64: =IF(V64="","",IF(Y64="","CEK ID FIXTURE tidak ada di DAFTAR_FIXTURE",IF(W64="","CEK ZONA NO kosong",IF(ISNA(MATCH(Y64&"|"&W64,LAYOUT!$E$2:$E$80,0)),"CEK ZONA NO di luar layout",IF(X64<>INDEX(LAYOUT!$D$2:$D$80,MATCH(Y64&"|"&W64,LAYOUT!$E$2:$E$80,0)),"CEK JENIS ZONA",IF($D64="","Zona STOCK",IF($E64="","CEK SKU DESCRIPTION kosong","OK")))))))
A65: Homeware | B65: Drinkware | C65: Cup & Saucer | D65: 238190 | E65: CUP 100 CC W/SAUCER 12.5CM SIMPLE PLUS | O65: =IF(L65="","",IFERROR(INDEX(DAFTAR_FIXTURE!$B$2:$B$51,MATCH(L65,DAFTAR_FIXTURE!$A$2:$A$51,0)),"")) | P65: =IF(AND($D65="",L65=""),"",IF(L65="",IF(AND(Q65="",V65=""),"Belum ditempatkan",""),IF(O65="","CEK ID FIXTURE tidak ada di DAFTAR_FIXTURE",IF(M65="","CEK ZONA NO kosong",IF(ISNA(MATCH(O65&"|"&M65,LAYOUT!$E$2:$E$80,0)),"CEK ZONA NO di luar layout",IF(N65<>INDEX(LAYOUT!$D$2:$D$80,MATCH(O65&"|"&M65,LAYOUT!$E$2:$E$80,0)),"CEK JENIS ZONA",IF($D65="","Zona STOCK",IF($E65="","CEK SKU DESCRIPTION kosong","OK")))))))) | T65: =IF(Q65="","",IFERROR(INDEX(DAFTAR_FIXTURE!$B$2:$B$51,MATCH(Q65,DAFTAR_FIXTURE!$A$2:$A$51,0)),"")) | U65: =IF(Q65="","",IF(T65="","CEK ID FIXTURE tidak ada di DAFTAR_FIXTURE",IF(R65="","CEK ZONA NO kosong",IF(ISNA(MATCH(T65&"|"&R65,LAYOUT!$E$2:$E$80,0)),"CEK ZONA NO di luar layout",IF(S65<>INDEX(LAYOUT!$D$2:$D$80,MATCH(T65&"|"&R65,LAYOUT!$E$2:$E$80,0)),"CEK JENIS ZONA",IF($D65="","Zona STOCK",IF($E65="","CEK SKU DESCRIPTION kosong","OK"))))))) | Y65: =IF(V65="","",IFERROR(INDEX(DAFTAR_FIXTURE!$B$2:$B$51,MATCH(V65,DAFTAR_FIXTURE!$A$2:$A$51,0)),"")) | Z65: =IF(V65="","",IF(Y65="","CEK ID FIXTURE tidak ada di DAFTAR_FIXTURE",IF(W65="","CEK ZONA NO kosong",IF(ISNA(MATCH(Y65&"|"&W65,LAYOUT!$E$2:$E$80,0)),"CEK ZONA NO di luar layout",IF(X65<>INDEX(LAYOUT!$D$2:$D$80,MATCH(Y65&"|"&W65,LAYOUT!$E$2:$E$80,0)),"CEK JENIS ZONA",IF($D65="","Zona STOCK",IF($E65="","CEK SKU DESCRIPTION kosong","OK")))))))
A66: Homeware | B66: Drinkware | C66: Cup & Saucer | D66: 238191 | E66: CUP 200 CC W/SAUCER 15.5CM SIMPLE PLUS | O66: =IF(L66="","",IFERROR(INDEX(DAFTAR_FIXTURE!$B$2:$B$51,MATCH(L66,DAFTAR_FIXTURE!$A$2:$A$51,0)),"")) | P66: =IF(AND($D66="",L66=""),"",IF(L66="",IF(AND(Q66="",V66=""),"Belum ditempatkan",""),IF(O66="","CEK ID FIXTURE tidak ada di DAFTAR_FIXTURE",IF(M66="","CEK ZONA NO kosong",IF(ISNA(MATCH(O66&"|"&M66,LAYOUT!$E$2:$E$80,0)),"CEK ZONA NO di luar layout",IF(N66<>INDEX(LAYOUT!$D$2:$D$80,MATCH(O66&"|"&M66,LAYOUT!$E$2:$E$80,0)),"CEK JENIS ZONA",IF($D66="","Zona STOCK",IF($E66="","CEK SKU DESCRIPTION kosong","OK")))))))) | T66: =IF(Q66="","",IFERROR(INDEX(DAFTAR_FIXTURE!$B$2:$B$51,MATCH(Q66,DAFTAR_FIXTURE!$A$2:$A$51,0)),"")) | U66: =IF(Q66="","",IF(T66="","CEK ID FIXTURE tidak ada di DAFTAR_FIXTURE",IF(R66="","CEK ZONA NO kosong",IF(ISNA(MATCH(T66&"|"&R66,LAYOUT!$E$2:$E$80,0)),"CEK ZONA NO di luar layout",IF(S66<>INDEX(LAYOUT!$D$2:$D$80,MATCH(T66&"|"&R66,LAYOUT!$E$2:$E$80,0)),"CEK JENIS ZONA",IF($D66="","Zona STOCK",IF($E66="","CEK SKU DESCRIPTION kosong","OK"))))))) | Y66: =IF(V66="","",IFERROR(INDEX(DAFTAR_FIXTURE!$B$2:$B$51,MATCH(V66,DAFTAR_FIXTURE!$A$2:$A$51,0)),"")) | Z66: =IF(V66="","",IF(Y66="","CEK ID FIXTURE tidak ada di DAFTAR_FIXTURE",IF(W66="","CEK ZONA NO kosong",IF(ISNA(MATCH(Y66&"|"&W66,LAYOUT!$E$2:$E$80,0)),"CEK ZONA NO di luar layout",IF(X66<>INDEX(LAYOUT!$D$2:$D$80,MATCH(Y66&"|"&W66,LAYOUT!$E$2:$E$80,0)),"CEK JENIS ZONA",IF($D66="","Zona STOCK",IF($E66="","CEK SKU DESCRIPTION kosong","OK")))))))
A67: Homeware | B67: Tableware | C67: Plates & Bowls | D67: 238192 | E67: LOW BOWL 17 CM SIMPLE PLUS | L67: WLL-02 | M67: 1 | N67: Rak | O67: =IF(L67="","",IFERROR(INDEX(DAFTAR_FIXTURE!$B$2:$B$51,MATCH(L67,DAFTAR_FIXTURE!$A$2:$A$51,0)),"")) | P67: =IF(AND($D67="",L67=""),"",IF(L67="",IF(AND(Q67="",V67=""),"Belum ditempatkan",""),IF(O67="","CEK ID FIXTURE tidak ada di DAFTAR_FIXTURE",IF(M67="","CEK ZONA NO kosong",IF(ISNA(MATCH(O67&"|"&M67,LAYOUT!$E$2:$E$80,0)),"CEK ZONA NO di luar layout",IF(N67<>INDEX(LAYOUT!$D$2:$D$80,MATCH(O67&"|"&M67,LAYOUT!$E$2:$E$80,0)),"CEK JENIS ZONA",IF($D67="","Zona STOCK",IF($E67="","CEK SKU DESCRIPTION kosong","OK")))))))) | T67: =IF(Q67="","",IFERROR(INDEX(DAFTAR_FIXTURE!$B$2:$B$51,MATCH(Q67,DAFTAR_FIXTURE!$A$2:$A$51,0)),"")) | U67: =IF(Q67="","",IF(T67="","CEK ID FIXTURE tidak ada di DAFTAR_FIXTURE",IF(R67="","CEK ZONA NO kosong",IF(ISNA(MATCH(T67&"|"&R67,LAYOUT!$E$2:$E$80,0)),"CEK ZONA NO di luar layout",IF(S67<>INDEX(LAYOUT!$D$2:$D$80,MATCH(T67&"|"&R67,LAYOUT!$E$2:$E$80,0)),"CEK JENIS ZONA",IF($D67="","Zona STOCK",IF($E67="","CEK SKU DESCRIPTION kosong","OK"))))))) | Y67: =IF(V67="","",IFERROR(INDEX(DAFTAR_FIXTURE!$B$2:$B$51,MATCH(V67,DAFTAR_FIXTURE!$A$2:$A$51,0)),"")) | Z67: =IF(V67="","",IF(Y67="","CEK ID FIXTURE tidak ada di DAFTAR_FIXTURE",IF(W67="","CEK ZONA NO kosong",IF(ISNA(MATCH(Y67&"|"&W67,LAYOUT!$E$2:$E$80,0)),"CEK ZONA NO di luar layout",IF(X67<>INDEX(LAYOUT!$D$2:$D$80,MATCH(Y67&"|"&W67,LAYOUT!$E$2:$E$80,0)),"CEK JENIS ZONA",IF($D67="","Zona STOCK",IF($E67="","CEK SKU DESCRIPTION kosong","OK")))))))
A68: Homeware | B68: Tableware | C68: Plates & Bowls | D68: 238193 | E68: LOW BOWL 19 CM SIMPLE PLUS | L68: WLL-02 | M68: 1 | N68: Rak | O68: =IF(L68="","",IFERROR(INDEX(DAFTAR_FIXTURE!$B$2:$B$51,MATCH(L68,DAFTAR_FIXTURE!$A$2:$A$51,0)),"")) | P68: =IF(AND($D68="",L68=""),"",IF(L68="",IF(AND(Q68="",V68=""),"Belum ditempatkan",""),IF(O68="","CEK ID FIXTURE tidak ada di DAFTAR_FIXTURE",IF(M68="","CEK ZONA NO kosong",IF(ISNA(MATCH(O68&"|"&M68,LAYOUT!$E$2:$E$80,0)),"CEK ZONA NO di luar layout",IF(N68<>INDEX(LAYOUT!$D$2:$D$80,MATCH(O68&"|"&M68,LAYOUT!$E$2:$E$80,0)),"CEK JENIS ZONA",IF($D68="","Zona STOCK",IF($E68="","CEK SKU DESCRIPTION kosong","OK")))))))) | T68: =IF(Q68="","",IFERROR(INDEX(DAFTAR_FIXTURE!$B$2:$B$51,MATCH(Q68,DAFTAR_FIXTURE!$A$2:$A$51,0)),"")) | U68: =IF(Q68="","",IF(T68="","CEK ID FIXTURE tidak ada di DAFTAR_FIXTURE",IF(R68="","CEK ZONA NO kosong",IF(ISNA(MATCH(T68&"|"&R68,LAYOUT!$E$2:$E$80,0)),"CEK ZONA NO di luar layout",IF(S68<>INDEX(LAYOUT!$D$2:$D$80,MATCH(T68&"|"&R68,LAYOUT!$E$2:$E$80,0)),"CEK JENIS ZONA",IF($D68="","Zona STOCK",IF($E68="","CEK SKU DESCRIPTION kosong","OK"))))))) | Y68: =IF(V68="","",IFERROR(INDEX(DAFTAR_FIXTURE!$B$2:$B$51,MATCH(V68,DAFTAR_FIXTURE!$A$2:$A$51,0)),"")) | Z68: =IF(V68="","",IF(Y68="","CEK ID FIXTURE tidak ada di DAFTAR_FIXTURE",IF(W68="","CEK ZONA NO kosong",IF(ISNA(MATCH(Y68&"|"&W68,LAYOUT!$E$2:$E$80,0)),"CEK ZONA NO di luar layout",IF(X68<>INDEX(LAYOUT!$D$2:$D$80,MATCH(Y68&"|"&W68,LAYOUT!$E$2:$E$80,0)),"CEK JENIS ZONA",IF($D68="","Zona STOCK",IF($E68="","CEK SKU DESCRIPTION kosong","OK")))))))
A69: Homeware | B69: Cookware | C69: Casserole | D69: 10445959 | E69: CASSEROLE RECT GOLD MARBLE W/LID 33CM | G69: MASAK | H69: B1. CASSEROLE | I69: GOLD MARBLE | L69: GND-04 | M69: 1 | N69: Rak | O69: =IF(L69="","",IFERROR(INDEX(DAFTAR_FIXTURE!$B$2:$B$51,MATCH(L69,DAFTAR_FIXTURE!$A$2:$A$51,0)),"")) | P69: =IF(AND($D69="",L69=""),"",IF(L69="",IF(AND(Q69="",V69=""),"Belum ditempatkan",""),IF(O69="","CEK ID FIXTURE tidak ada di DAFTAR_FIXTURE",IF(M69="","CEK ZONA NO kosong",IF(ISNA(MATCH(O69&"|"&M69,LAYOUT!$E$2:$E$80,0)),"CEK ZONA NO di luar layout",IF(N69<>INDEX(LAYOUT!$D$2:$D$80,MATCH(O69&"|"&M69,LAYOUT!$E$2:$E$80,0)),"CEK JENIS ZONA",IF($D69="","Zona STOCK",IF($E69="","CEK SKU DESCRIPTION kosong","OK")))))))) | T69: =IF(Q69="","",IFERROR(INDEX(DAFTAR_FIXTURE!$B$2:$B$51,MATCH(Q69,DAFTAR_FIXTURE!$A$2:$A$51,0)),"")) | U69: =IF(Q69="","",IF(T69="","CEK ID FIXTURE tidak ada di DAFTAR_FIXTURE",IF(R69="","CEK ZONA NO kosong",IF(ISNA(MATCH(T69&"|"&R69,LAYOUT!$E$2:$E$80,0)),"CEK ZONA NO di luar layout",IF(S69<>INDEX(LAYOUT!$D$2:$D$80,MATCH(T69&"|"&R69,LAYOUT!$E$2:$E$80,0)),"CEK JENIS ZONA",IF($D69="","Zona STOCK",IF($E69="","CEK SKU DESCRIPTION kosong","OK"))))))) | Y69: =IF(V69="","",IFERROR(INDEX(DAFTAR_FIXTURE!$B$2:$B$51,MATCH(V69,DAFTAR_FIXTURE!$A$2:$A$51,0)),"")) | Z69: =IF(V69="","",IF(Y69="","CEK ID FIXTURE tidak ada di DAFTAR_FIXTURE",IF(W69="","CEK ZONA NO kosong",IF(ISNA(MATCH(Y69&"|"&W69,LAYOUT!$E$2:$E$80,0)),"CEK ZONA NO di luar layout",IF(X69<>INDEX(LAYOUT!$D$2:$D$80,MATCH(Y69&"|"&W69,LAYOUT!$E$2:$E$80,0)),"CEK JENIS ZONA",IF($D69="","Zona STOCK",IF($E69="","CEK SKU DESCRIPTION kosong","OK")))))))
A70: Homeware | B70: Cookware | C70: Casserole | D70: 10445960 | E70: CASSEROLE OVAL GOLD MARBLE W/LID 33CM | G70: MASAK | H70: B1. CASSEROLE | I70: GOLD MARBLE | L70: GND-04 | M70: 1 | N70: Rak | O70: =IF(L70="","",IFERROR(INDEX(DAFTAR_FIXTURE!$B$2:$B$51,MATCH(L70,DAFTAR_FIXTURE!$A$2:$A$51,0)),"")) | P70: =IF(AND($D70="",L70=""),"",IF(L70="",IF(AND(Q70="",V70=""),"Belum ditempatkan",""),IF(O70="","CEK ID FIXTURE tidak ada di DAFTAR_FIXTURE",IF(M70="","CEK ZONA NO kosong",IF(ISNA(MATCH(O70&"|"&M70,LAYOUT!$E$2:$E$80,0)),"CEK ZONA NO di luar layout",IF(N70<>INDEX(LAYOUT!$D$2:$D$80,MATCH(O70&"|"&M70,LAYOUT!$E$2:$E$80,0)),"CEK JENIS ZONA",IF($D70="","Zona STOCK",IF($E70="","CEK SKU DESCRIPTION kosong","OK")))))))) | T70: =IF(Q70="","",IFERROR(INDEX(DAFTAR_FIXTURE!$B$2:$B$51,MATCH(Q70,DAFTAR_FIXTURE!$A$2:$A$51,0)),"")) | U70: =IF(Q70="","",IF(T70="","CEK ID FIXTURE tidak ada di DAFTAR_FIXTURE",IF(R70="","CEK ZONA NO kosong",IF(ISNA(MATCH(T70&"|"&R70,LAYOUT!$E$2:$E$80,0)),"CEK ZONA NO di luar layout",IF(S70<>INDEX(LAYOUT!$D$2:$D$80,MATCH(T70&"|"&R70,LAYOUT!$E$2:$E$80,0)),"CEK JENIS ZONA",IF($D70="","Zona STOCK",IF($E70="","CEK SKU DESCRIPTION kosong","OK"))))))) | Y70: =IF(V70="","",IFERROR(INDEX(DAFTAR_FIXTURE!$B$2:$B$51,MATCH(V70,DAFTAR_FIXTURE!$A$2:$A$51,0)),"")) | Z70: =IF(V70="","",IF(Y70="","CEK ID FIXTURE tidak ada di DAFTAR_FIXTURE",IF(W70="","CEK ZONA NO kosong",IF(ISNA(MATCH(Y70&"|"&W70,LAYOUT!$E$2:$E$80,0)),"CEK ZONA NO di luar layout",IF(X70<>INDEX(LAYOUT!$D$2:$D$80,MATCH(Y70&"|"&W70,LAYOUT!$E$2:$E$80,0)),"CEK JENIS ZONA",IF($D70="","Zona STOCK",IF($E70="","CEK SKU DESCRIPTION kosong","OK")))))))
A71: Homeware | B71: Cookware | C71: Casserole | D71: 10445961 | E71: CASSEROLE ROUND GOLD MARBLE W/LID 33CM | G71: MASAK | H71: B1. CASSEROLE | I71: GOLD MARBLE | L71: GND-04 | M71: 1 | N71: Rak | O71: =IF(L71="","",IFERROR(INDEX(DAFTAR_FIXTURE!$B$2:$B$51,MATCH(L71,DAFTAR_FIXTURE!$A$2:$A$51,0)),"")) | P71: =IF(AND($D71="",L71=""),"",IF(L71="",IF(AND(Q71="",V71=""),"Belum ditempatkan",""),IF(O71="","CEK ID FIXTURE tidak ada di DAFTAR_FIXTURE",IF(M71="","CEK ZONA NO kosong",IF(ISNA(MATCH(O71&"|"&M71,LAYOUT!$E$2:$E$80,0)),"CEK ZONA NO di luar layout",IF(N71<>INDEX(LAYOUT!$D$2:$D$80,MATCH(O71&"|"&M71,LAYOUT!$E$2:$E$80,0)),"CEK JENIS ZONA",IF($D71="","Zona STOCK",IF($E71="","CEK SKU DESCRIPTION kosong","OK")))))))) | T71: =IF(Q71="","",IFERROR(INDEX(DAFTAR_FIXTURE!$B$2:$B$51,MATCH(Q71,DAFTAR_FIXTURE!$A$2:$A$51,0)),"")) | U71: =IF(Q71="","",IF(T71="","CEK ID FIXTURE tidak ada di DAFTAR_FIXTURE",IF(R71="","CEK ZONA NO kosong",IF(ISNA(MATCH(T71&"|"&R71,LAYOUT!$E$2:$E$80,0)),"CEK ZONA NO di luar layout",IF(S71<>INDEX(LAYOUT!$D$2:$D$80,MATCH(T71&"|"&R71,LAYOUT!$E$2:$E$80,0)),"CEK JENIS ZONA",IF($D71="","Zona STOCK",IF($E71="","CEK SKU DESCRIPTION kosong","OK"))))))) | Y71: =IF(V71="","",IFERROR(INDEX(DAFTAR_FIXTURE!$B$2:$B$51,MATCH(V71,DAFTAR_FIXTURE!$A$2:$A$51,0)),"")) | Z71: =IF(V71="","",IF(Y71="","CEK ID FIXTURE tidak ada di DAFTAR_FIXTURE",IF(W71="","CEK ZONA NO kosong",IF(ISNA(MATCH(Y71&"|"&W71,LAYOUT!$E$2:$E$80,0)),"CEK ZONA NO di luar layout",IF(X71<>INDEX(LAYOUT!$D$2:$D$80,MATCH(Y71&"|"&W71,LAYOUT!$E$2:$E$80,0)),"CEK JENIS ZONA",IF($D71="","Zona STOCK",IF($E71="","CEK SKU DESCRIPTION kosong","OK")))))))
A72: Homeware | B72: Cookware | C72: Casserole | D72: 10445962 | E72: CASSEROLE SQUARE GOLD MARBLE W/LID 33CM | G72: MASAK | H72: B1. CASSEROLE | I72: GOLD MARBLE | L72: GND-04 | M72: 2 | N72: Rak | O72: =IF(L72="","",IFERROR(INDEX(DAFTAR_FIXTURE!$B$2:$B$51,MATCH(L72,DAFTAR_FIXTURE!$A$2:$A$51,0)),"")) | P72: =IF(AND($D72="",L72=""),"",IF(L72="",IF(AND(Q72="",V72=""),"Belum ditempatkan",""),IF(O72="","CEK ID FIXTURE tidak ada di DAFTAR_FIXTURE",IF(M72="","CEK ZONA NO kosong",IF(ISNA(MATCH(O72&"|"&M72,LAYOUT!$E$2:$E$80,0)),"CEK ZONA NO di luar layout",IF(N72<>INDEX(LAYOUT!$D$2:$D$80,MATCH(O72&"|"&M72,LAYOUT!$E$2:$E$80,0)),"CEK JENIS ZONA",IF($D72="","Zona STOCK",IF($E72="","CEK SKU DESCRIPTION kosong","OK")))))))) | T72: =IF(Q72="","",IFERROR(INDEX(DAFTAR_FIXTURE!$B$2:$B$51,MATCH(Q72,DAFTAR_FIXTURE!$A$2:$A$51,0)),"")) | U72: =IF(Q72="","",IF(T72="","CEK ID FIXTURE tidak ada di DAFTAR_FIXTURE",IF(R72="","CEK ZONA NO kosong",IF(ISNA(MATCH(T72&"|"&R72,LAYOUT!$E$2:$E$80,0)),"CEK ZONA NO di luar layout",IF(S72<>INDEX(LAYOUT!$D$2:$D$80,MATCH(T72&"|"&R72,LAYOUT!$E$2:$E$80,0)),"CEK JENIS ZONA",IF($D72="","Zona STOCK",IF($E72="","CEK SKU DESCRIPTION kosong","OK"))))))) | Y72: =IF(V72="","",IFERROR(INDEX(DAFTAR_FIXTURE!$B$2:$B$51,MATCH(V72,DAFTAR_FIXTURE!$A$2:$A$51,0)),"")) | Z72: =IF(V72="","",IF(Y72="","CEK ID FIXTURE tidak ada di DAFTAR_FIXTURE",IF(W72="","CEK ZONA NO kosong",IF(ISNA(MATCH(Y72&"|"&W72,LAYOUT!$E$2:$E$80,0)),"CEK ZONA NO di luar layout",IF(X72<>INDEX(LAYOUT!$D$2:$D$80,MATCH(Y72&"|"&W72,LAYOUT!$E$2:$E$80,0)),"CEK JENIS ZONA",IF($D72="","Zona STOCK",IF($E72="","CEK SKU DESCRIPTION kosong","OK")))))))
A73: Homeware | B73: Tableware | C73: Serving Set | D73: 10470029 | E73: SERVING SET W/RACK OCTAGON MARBLE (4) | G73: MAKAN | H73: A2. SERVINGWARE | I73: SERVING SET MARBLE | L73: GND-04 | M73: 2 | N73: Rak | O73: =IF(L73="","",IFERROR(INDEX(DAFTAR_FIXTURE!$B$2:$B$51,MATCH(L73,DAFTAR_FIXTURE!$A$2:$A$51,0)),"")) | P73: =IF(AND($D73="",L73=""),"",IF(L73="",IF(AND(Q73="",V73=""),"Belum ditempatkan",""),IF(O73="","CEK ID FIXTURE tidak ada di DAFTAR_FIXTURE",IF(M73="","CEK ZONA NO kosong",IF(ISNA(MATCH(O73&"|"&M73,LAYOUT!$E$2:$E$80,0)),"CEK ZONA NO di luar layout",IF(N73<>INDEX(LAYOUT!$D$2:$D$80,MATCH(O73&"|"&M73,LAYOUT!$E$2:$E$80,0)),"CEK JENIS ZONA",IF($D73="","Zona STOCK",IF($E73="","CEK SKU DESCRIPTION kosong","OK")))))))) | T73: =IF(Q73="","",IFERROR(INDEX(DAFTAR_FIXTURE!$B$2:$B$51,MATCH(Q73,DAFTAR_FIXTURE!$A$2:$A$51,0)),"")) | U73: =IF(Q73="","",IF(T73="","CEK ID FIXTURE tidak ada di DAFTAR_FIXTURE",IF(R73="","CEK ZONA NO kosong",IF(ISNA(MATCH(T73&"|"&R73,LAYOUT!$E$2:$E$80,0)),"CEK ZONA NO di luar layout",IF(S73<>INDEX(LAYOUT!$D$2:$D$80,MATCH(T73&"|"&R73,LAYOUT!$E$2:$E$80,0)),"CEK JENIS ZONA",IF($D73="","Zona STOCK",IF($E73="","CEK SKU DESCRIPTION kosong","OK"))))))) | Y73: =IF(V73="","",IFERROR(INDEX(DAFTAR_FIXTURE!$B$2:$B$51,MATCH(V73,DAFTAR_FIXTURE!$A$2:$A$51,0)),"")) | Z73: =IF(V73="","",IF(Y73="","CEK ID FIXTURE tidak ada di DAFTAR_FIXTURE",IF(W73="","CEK ZONA NO kosong",IF(ISNA(MATCH(Y73&"|"&W73,LAYOUT!$E$2:$E$80,0)),"CEK ZONA NO di luar layout",IF(X73<>INDEX(LAYOUT!$D$2:$D$80,MATCH(Y73&"|"&W73,LAYOUT!$E$2:$E$80,0)),"CEK JENIS ZONA",IF($D73="","Zona STOCK",IF($E73="","CEK SKU DESCRIPTION kosong","OK")))))))
A74: Homeware | B74: Tableware | C74: Serving Set | D74: 10470030 | E74: SERVING SET RND DETACHABLE MARBLE (2) | G74: MAKAN | H74: A2. SERVINGWARE | I74: SERVING SET MARBLE | L74: GND-04 | M74: 3 | N74: Rak | O74: =IF(L74="","",IFERROR(INDEX(DAFTAR_FIXTURE!$B$2:$B$51,MATCH(L74,DAFTAR_FIXTURE!$A$2:$A$51,0)),"")) | P74: =IF(AND($D74="",L74=""),"",IF(L74="",IF(AND(Q74="",V74=""),"Belum ditempatkan",""),IF(O74="","CEK ID FIXTURE tidak ada di DAFTAR_FIXTURE",IF(M74="","CEK ZONA NO kosong",IF(ISNA(MATCH(O74&"|"&M74,LAYOUT!$E$2:$E$80,0)),"CEK ZONA NO di luar layout",IF(N74<>INDEX(LAYOUT!$D$2:$D$80,MATCH(O74&"|"&M74,LAYOUT!$E$2:$E$80,0)),"CEK JENIS ZONA",IF($D74="","Zona STOCK",IF($E74="","CEK SKU DESCRIPTION kosong","OK")))))))) | T74: =IF(Q74="","",IFERROR(INDEX(DAFTAR_FIXTURE!$B$2:$B$51,MATCH(Q74,DAFTAR_FIXTURE!$A$2:$A$51,0)),"")) | U74: =IF(Q74="","",IF(T74="","CEK ID FIXTURE tidak ada di DAFTAR_FIXTURE",IF(R74="","CEK ZONA NO kosong",IF(ISNA(MATCH(T74&"|"&R74,LAYOUT!$E$2:$E$80,0)),"CEK ZONA NO di luar layout",IF(S74<>INDEX(LAYOUT!$D$2:$D$80,MATCH(T74&"|"&R74,LAYOUT!$E$2:$E$80,0)),"CEK JENIS ZONA",IF($D74="","Zona STOCK",IF($E74="","CEK SKU DESCRIPTION kosong","OK"))))))) | Y74: =IF(V74="","",IFERROR(INDEX(DAFTAR_FIXTURE!$B$2:$B$51,MATCH(V74,DAFTAR_FIXTURE!$A$2:$A$51,0)),"")) | Z74: =IF(V74="","",IF(Y74="","CEK ID FIXTURE tidak ada di DAFTAR_FIXTURE",IF(W74="","CEK ZONA NO kosong",IF(ISNA(MATCH(Y74&"|"&W74,LAYOUT!$E$2:$E$80,0)),"CEK ZONA NO di luar layout",IF(X74<>INDEX(LAYOUT!$D$2:$D$80,MATCH(Y74&"|"&W74,LAYOUT!$E$2:$E$80,0)),"CEK JENIS ZONA",IF($D74="","Zona STOCK",IF($E74="","CEK SKU DESCRIPTION kosong","OK")))))))
A75: Homeware | B75: Tableware | C75: Serving Set | D75: 10470031 | E75: SERVING SET W/RACK SQR MARBLE BLACK (3) | G75: MAKAN | H75: A2. SERVINGWARE | I75: SERVING SET MARBLE | L75: GND-04 | M75: 3 | N75: Rak | O75: =IF(L75="","",IFERROR(INDEX(DAFTAR_FIXTURE!$B$2:$B$51,MATCH(L75,DAFTAR_FIXTURE!$A$2:$A$51,0)),"")) | P75: =IF(AND($D75="",L75=""),"",IF(L75="",IF(AND(Q75="",V75=""),"Belum ditempatkan",""),IF(O75="","CEK ID FIXTURE tidak ada di DAFTAR_FIXTURE",IF(M75="","CEK ZONA NO kosong",IF(ISNA(MATCH(O75&"|"&M75,LAYOUT!$E$2:$E$80,0)),"CEK ZONA NO di luar layout",IF(N75<>INDEX(LAYOUT!$D$2:$D$80,MATCH(O75&"|"&M75,LAYOUT!$E$2:$E$80,0)),"CEK JENIS ZONA",IF($D75="","Zona STOCK",IF($E75="","CEK SKU DESCRIPTION kosong","OK")))))))) | T75: =IF(Q75="","",IFERROR(INDEX(DAFTAR_FIXTURE!$B$2:$B$51,MATCH(Q75,DAFTAR_FIXTURE!$A$2:$A$51,0)),"")) | U75: =IF(Q75="","",IF(T75="","CEK ID FIXTURE tidak ada di DAFTAR_FIXTURE",IF(R75="","CEK ZONA NO kosong",IF(ISNA(MATCH(T75&"|"&R75,LAYOUT!$E$2:$E$80,0)),"CEK ZONA NO di luar layout",IF(S75<>INDEX(LAYOUT!$D$2:$D$80,MATCH(T75&"|"&R75,LAYOUT!$E$2:$E$80,0)),"CEK JENIS ZONA",IF($D75="","Zona STOCK",IF($E75="","CEK SKU DESCRIPTION kosong","OK"))))))) | Y75: =IF(V75="","",IFERROR(INDEX(DAFTAR_FIXTURE!$B$2:$B$51,MATCH(V75,DAFTAR_FIXTURE!$A$2:$A$51,0)),"")) | Z75: =IF(V75="","",IF(Y75="","CEK ID FIXTURE tidak ada di DAFTAR_FIXTURE",IF(W75="","CEK ZONA NO kosong",IF(ISNA(MATCH(Y75&"|"&W75,LAYOUT!$E$2:$E$80,0)),"CEK ZONA NO di luar layout",IF(X75<>INDEX(LAYOUT!$D$2:$D$80,MATCH(Y75&"|"&W75,LAYOUT!$E$2:$E$80,0)),"CEK JENIS ZONA",IF($D75="","Zona STOCK",IF($E75="","CEK SKU DESCRIPTION kosong","OK")))))))
A76: Homeware | B76: Storage | C76: Food Storage | D76: 10680419 | E76: MOSQUE DOME GLASS JAR SET OF 3 450ML | G76: PENYIMPANAN | H76: E4. CANISTER | I76: GLASS FANCY | L76: GND-05 | M76: 1 | N76: Rak | O76: =IF(L76="","",IFERROR(INDEX(DAFTAR_FIXTURE!$B$2:$B$51,MATCH(L76,DAFTAR_FIXTURE!$A$2:$A$51,0)),"")) | P76: =IF(AND($D76="",L76=""),"",IF(L76="",IF(AND(Q76="",V76=""),"Belum ditempatkan",""),IF(O76="","CEK ID FIXTURE tidak ada di DAFTAR_FIXTURE",IF(M76="","CEK ZONA NO kosong",IF(ISNA(MATCH(O76&"|"&M76,LAYOUT!$E$2:$E$80,0)),"CEK ZONA NO di luar layout",IF(N76<>INDEX(LAYOUT!$D$2:$D$80,MATCH(O76&"|"&M76,LAYOUT!$E$2:$E$80,0)),"CEK JENIS ZONA",IF($D76="","Zona STOCK",IF($E76="","CEK SKU DESCRIPTION kosong","OK")))))))) | T76: =IF(Q76="","",IFERROR(INDEX(DAFTAR_FIXTURE!$B$2:$B$51,MATCH(Q76,DAFTAR_FIXTURE!$A$2:$A$51,0)),"")) | U76: =IF(Q76="","",IF(T76="","CEK ID FIXTURE tidak ada di DAFTAR_FIXTURE",IF(R76="","CEK ZONA NO kosong",IF(ISNA(MATCH(T76&"|"&R76,LAYOUT!$E$2:$E$80,0)),"CEK ZONA NO di luar layout",IF(S76<>INDEX(LAYOUT!$D$2:$D$80,MATCH(T76&"|"&R76,LAYOUT!$E$2:$E$80,0)),"CEK JENIS ZONA",IF($D76="","Zona STOCK",IF($E76="","CEK SKU DESCRIPTION kosong","OK"))))))) | Y76: =IF(V76="","",IFERROR(INDEX(DAFTAR_FIXTURE!$B$2:$B$51,MATCH(V76,DAFTAR_FIXTURE!$A$2:$A$51,0)),"")) | Z76: =IF(V76="","",IF(Y76="","CEK ID FIXTURE tidak ada di DAFTAR_FIXTURE",IF(W76="","CEK ZONA NO kosong",IF(ISNA(MATCH(Y76&"|"&W76,LAYOUT!$E$2:$E$80,0)),"CEK ZONA NO di luar layout",IF(X76<>INDEX(LAYOUT!$D$2:$D$80,MATCH(Y76&"|"&W76,LAYOUT!$E$2:$E$80,0)),"CEK JENIS ZONA",IF($D76="","Zona STOCK",IF($E76="","CEK SKU DESCRIPTION kosong","OK")))))))
A77: Homeware | B77: Storage | C77: Food Storage | D77: 10682153 | E77: EID 2026 GLASS JAR SET OF 3 900ML | G77: PENYIMPANAN | H77: E4. CANISTER | I77: GLASS FANCY | L77: GND-05 | M77: 1 | N77: Rak | O77: =IF(L77="","",IFERROR(INDEX(DAFTAR_FIXTURE!$B$2:$B$51,MATCH(L77,DAFTAR_FIXTURE!$A$2:$A$51,0)),"")) | P77: =IF(AND($D77="",L77=""),"",IF(L77="",IF(AND(Q77="",V77=""),"Belum ditempatkan",""),IF(O77="","CEK ID FIXTURE tidak ada di DAFTAR_FIXTURE",IF(M77="","CEK ZONA NO kosong",IF(ISNA(MATCH(O77&"|"&M77,LAYOUT!$E$2:$E$80,0)),"CEK ZONA NO di luar layout",IF(N77<>INDEX(LAYOUT!$D$2:$D$80,MATCH(O77&"|"&M77,LAYOUT!$E$2:$E$80,0)),"CEK JENIS ZONA",IF($D77="","Zona STOCK",IF($E77="","CEK SKU DESCRIPTION kosong","OK")))))))) | T77: =IF(Q77="","",IFERROR(INDEX(DAFTAR_FIXTURE!$B$2:$B$51,MATCH(Q77,DAFTAR_FIXTURE!$A$2:$A$51,0)),"")) | U77: =IF(Q77="","",IF(T77="","CEK ID FIXTURE tidak ada di DAFTAR_FIXTURE",IF(R77="","CEK ZONA NO kosong",IF(ISNA(MATCH(T77&"|"&R77,LAYOUT!$E$2:$E$80,0)),"CEK ZONA NO di luar layout",IF(S77<>INDEX(LAYOUT!$D$2:$D$80,MATCH(T77&"|"&R77,LAYOUT!$E$2:$E$80,0)),"CEK JENIS ZONA",IF($D77="","Zona STOCK",IF($E77="","CEK SKU DESCRIPTION kosong","OK"))))))) | Y77: =IF(V77="","",IFERROR(INDEX(DAFTAR_FIXTURE!$B$2:$B$51,MATCH(V77,DAFTAR_FIXTURE!$A$2:$A$51,0)),"")) | Z77: =IF(V77="","",IF(Y77="","CEK ID FIXTURE tidak ada di DAFTAR_FIXTURE",IF(W77="","CEK ZONA NO kosong",IF(ISNA(MATCH(Y77&"|"&W77,LAYOUT!$E$2:$E$80,0)),"CEK ZONA NO di luar layout",IF(X77<>INDEX(LAYOUT!$D$2:$D$80,MATCH(Y77&"|"&W77,LAYOUT!$E$2:$E$80,0)),"CEK JENIS ZONA",IF($D77="","Zona STOCK",IF($E77="","CEK SKU DESCRIPTION kosong","OK")))))))
A78: Homeware | B78: Storage | C78: Food Storage | D78: 10682154 | E78: GRETTA GLASS JAR SET OF 4 WITH RACK | G78: PENYIMPANAN | H78: E4. CANISTER | I78: GLASS BASIC | L78: GND-05 | M78: 2 | N78: Rak | O78: =IF(L78="","",IFERROR(INDEX(DAFTAR_FIXTURE!$B$2:$B$51,MATCH(L78,DAFTAR_FIXTURE!$A$2:$A$51,0)),"")) | P78: =IF(AND($D78="",L78=""),"",IF(L78="",IF(AND(Q78="",V78=""),"Belum ditempatkan",""),IF(O78="","CEK ID FIXTURE tidak ada di DAFTAR_FIXTURE",IF(M78="","CEK ZONA NO kosong",IF(ISNA(MATCH(O78&"|"&M78,LAYOUT!$E$2:$E$80,0)),"CEK ZONA NO di luar layout",IF(N78<>INDEX(LAYOUT!$D$2:$D$80,MATCH(O78&"|"&M78,LAYOUT!$E$2:$E$80,0)),"CEK JENIS ZONA",IF($D78="","Zona STOCK",IF($E78="","CEK SKU DESCRIPTION kosong","OK")))))))) | T78: =IF(Q78="","",IFERROR(INDEX(DAFTAR_FIXTURE!$B$2:$B$51,MATCH(Q78,DAFTAR_FIXTURE!$A$2:$A$51,0)),"")) | U78: =IF(Q78="","",IF(T78="","CEK ID FIXTURE tidak ada di DAFTAR_FIXTURE",IF(R78="","CEK ZONA NO kosong",IF(ISNA(MATCH(T78&"|"&R78,LAYOUT!$E$2:$E$80,0)),"CEK ZONA NO di luar layout",IF(S78<>INDEX(LAYOUT!$D$2:$D$80,MATCH(T78&"|"&R78,LAYOUT!$E$2:$E$80,0)),"CEK JENIS ZONA",IF($D78="","Zona STOCK",IF($E78="","CEK SKU DESCRIPTION kosong","OK"))))))) | Y78: =IF(V78="","",IFERROR(INDEX(DAFTAR_FIXTURE!$B$2:$B$51,MATCH(V78,DAFTAR_FIXTURE!$A$2:$A$51,0)),"")) | Z78: =IF(V78="","",IF(Y78="","CEK ID FIXTURE tidak ada di DAFTAR_FIXTURE",IF(W78="","CEK ZONA NO kosong",IF(ISNA(MATCH(Y78&"|"&W78,LAYOUT!$E$2:$E$80,0)),"CEK ZONA NO di luar layout",IF(X78<>INDEX(LAYOUT!$D$2:$D$80,MATCH(Y78&"|"&W78,LAYOUT!$E$2:$E$80,0)),"CEK JENIS ZONA",IF($D78="","Zona STOCK",IF($E78="","CEK SKU DESCRIPTION kosong","OK")))))))
A79: Homeware | B79: Storage | C79: Food Storage | D79: 10682155 | E79: GRETTA GLASS JAR SET OF 3 WITH RACK | G79: PENYIMPANAN | H79: E4. CANISTER | I79: GLASS BASIC | L79: GND-05 | M79: 2 | N79: Rak | O79: =IF(L79="","",IFERROR(INDEX(DAFTAR_FIXTURE!$B$2:$B$51,MATCH(L79,DAFTAR_FIXTURE!$A$2:$A$51,0)),"")) | P79: =IF(AND($D79="",L79=""),"",IF(L79="",IF(AND(Q79="",V79=""),"Belum ditempatkan",""),IF(O79="","CEK ID FIXTURE tidak ada di DAFTAR_FIXTURE",IF(M79="","CEK ZONA NO kosong",IF(ISNA(MATCH(O79&"|"&M79,LAYOUT!$E$2:$E$80,0)),"CEK ZONA NO di luar layout",IF(N79<>INDEX(LAYOUT!$D$2:$D$80,MATCH(O79&"|"&M79,LAYOUT!$E$2:$E$80,0)),"CEK JENIS ZONA",IF($D79="","Zona STOCK",IF($E79="","CEK SKU DESCRIPTION kosong","OK")))))))) | T79: =IF(Q79="","",IFERROR(INDEX(DAFTAR_FIXTURE!$B$2:$B$51,MATCH(Q79,DAFTAR_FIXTURE!$A$2:$A$51,0)),"")) | U79: =IF(Q79="","",IF(T79="","CEK ID FIXTURE tidak ada di DAFTAR_FIXTURE",IF(R79="","CEK ZONA NO kosong",IF(ISNA(MATCH(T79&"|"&R79,LAYOUT!$E$2:$E$80,0)),"CEK ZONA NO di luar layout",IF(S79<>INDEX(LAYOUT!$D$2:$D$80,MATCH(T79&"|"&R79,LAYOUT!$E$2:$E$80,0)),"CEK JENIS ZONA",IF($D79="","Zona STOCK",IF($E79="","CEK SKU DESCRIPTION kosong","OK"))))))) | Y79: =IF(V79="","",IFERROR(INDEX(DAFTAR_FIXTURE!$B$2:$B$51,MATCH(V79,DAFTAR_FIXTURE!$A$2:$A$51,0)),"")) | Z79: =IF(V79="","",IF(Y79="","CEK ID FIXTURE tidak ada di DAFTAR_FIXTURE",IF(W79="","CEK ZONA NO kosong",IF(ISNA(MATCH(Y79&"|"&W79,LAYOUT!$E$2:$E$80,0)),"CEK ZONA NO di luar layout",IF(X79<>INDEX(LAYOUT!$D$2:$D$80,MATCH(Y79&"|"&W79,LAYOUT!$E$2:$E$80,0)),"CEK JENIS ZONA",IF($D79="","Zona STOCK",IF($E79="","CEK SKU DESCRIPTION kosong","OK")))))))
A80: Homeware | B80: Kitchenware | C80: Kitchen Tools | D80: 10198149 | E80: TANTA STRAINER DIA 10CM | G80: ALAT MASAK | H80: C1. KITCHEN TOOLS | I80: TANTA S/S | L80: GND-05 | M80: 3 | N80: Gantungan | O80: =IF(L80="","",IFERROR(INDEX(DAFTAR_FIXTURE!$B$2:$B$51,MATCH(L80,DAFTAR_FIXTURE!$A$2:$A$51,0)),"")) | P80: =IF(AND($D80="",L80=""),"",IF(L80="",IF(AND(Q80="",V80=""),"Belum ditempatkan",""),IF(O80="","CEK ID FIXTURE tidak ada di DAFTAR_FIXTURE",IF(M80="","CEK ZONA NO kosong",IF(ISNA(MATCH(O80&"|"&M80,LAYOUT!$E$2:$E$80,0)),"CEK ZONA NO di luar layout",IF(N80<>INDEX(LAYOUT!$D$2:$D$80,MATCH(O80&"|"&M80,LAYOUT!$E$2:$E$80,0)),"CEK JENIS ZONA",IF($D80="","Zona STOCK",IF($E80="","CEK SKU DESCRIPTION kosong","OK")))))))) | T80: =IF(Q80="","",IFERROR(INDEX(DAFTAR_FIXTURE!$B$2:$B$51,MATCH(Q80,DAFTAR_FIXTURE!$A$2:$A$51,0)),"")) | U80: =IF(Q80="","",IF(T80="","CEK ID FIXTURE tidak ada di DAFTAR_FIXTURE",IF(R80="","CEK ZONA NO kosong",IF(ISNA(MATCH(T80&"|"&R80,LAYOUT!$E$2:$E$80,0)),"CEK ZONA NO di luar layout",IF(S80<>INDEX(LAYOUT!$D$2:$D$80,MATCH(T80&"|"&R80,LAYOUT!$E$2:$E$80,0)),"CEK JENIS ZONA",IF($D80="","Zona STOCK",IF($E80="","CEK SKU DESCRIPTION kosong","OK"))))))) | Y80: =IF(V80="","",IFERROR(INDEX(DAFTAR_FIXTURE!$B$2:$B$51,MATCH(V80,DAFTAR_FIXTURE!$A$2:$A$51,0)),"")) | Z80: =IF(V80="","",IF(Y80="","CEK ID FIXTURE tidak ada di DAFTAR_FIXTURE",IF(W80="","CEK ZONA NO kosong",IF(ISNA(MATCH(Y80&"|"&W80,LAYOUT!$E$2:$E$80,0)),"CEK ZONA NO di luar layout",IF(X80<>INDEX(LAYOUT!$D$2:$D$80,MATCH(Y80&"|"&W80,LAYOUT!$E$2:$E$80,0)),"CEK JENIS ZONA",IF($D80="","Zona STOCK",IF($E80="","CEK SKU DESCRIPTION kosong","OK")))))))
... A96: Homeware | B96: Cookware | C96: Pots & Pans | D96: 10421610 | E96: KINGSTON GRILL PAN 24CM GREEN | G96: MASAK | H96: B2. COOKWARE | I96: KINGSTON | L96: END-02 | M96: 3 | N96: Rak | O96: =IF(L96="","",IFERROR(INDEX(DAFTAR_FIXTURE!$B$2:$B$51,MATCH(L96,DAFTAR_FIXTURE!$A$2:$A$51,0)),"")) | P96: =IF(AND($D96="",L96=""),"",IF(L96="",IF(AND(Q96="",V96=""),"Belum ditempatkan",""),IF(O96="","CEK ID FIXTURE tidak ada di DAFTAR_FIXTURE",IF(M96="","CEK ZONA NO kosong",IF(ISNA(MATCH(O96&"|"&M96,LAYOUT!$E$2:$E$80,0)),"CEK ZONA NO di luar layout",IF(N96<>INDEX(LAYOUT!$D$2:$D$80,MATCH(O96&"|"&M96,LAYOUT!$E$2:$E$80,0)),"CEK JENIS ZONA",IF($D96="","Zona STOCK",IF($E96="","CEK SKU DESCRIPTION kosong","OK")))))))) | T96: =IF(Q96="","",IFERROR(INDEX(DAFTAR_FIXTURE!$B$2:$B$51,MATCH(Q96,DAFTAR_FIXTURE!$A$2:$A$51,0)),"")) | U96: =IF(Q96="","",IF(T96="","CEK ID FIXTURE tidak ada di DAFTAR_FIXTURE",IF(R96="","CEK ZONA NO kosong",IF(ISNA(MATCH(T96&"|"&R96,LAYOUT!$E$2:$E$80,0)),"CEK ZONA NO di luar layout",IF(S96<>INDEX(LAYOUT!$D$2:$D$80,MATCH(T96&"|"&R96,LAYOUT!$E$2:$E$80,0)),"CEK JENIS ZONA",IF($D96="","Zona STOCK",IF($E96="","CEK SKU DESCRIPTION kosong","OK"))))))) | Y96: =IF(V96="","",IFERROR(INDEX(DAFTAR_FIXTURE!$B$2:$B$51,MATCH(V96,DAFTAR_FIXTURE!$A$2:$A$51,0)),"")) | Z96: =IF(V96="","",IF(Y96="","CEK ID FIXTURE tidak ada di DAFTAR_FIXTURE",IF(W96="","CEK ZONA NO kosong",IF(ISNA(MATCH(Y96&"|"&W96,LAYOUT!$E$2:$E$80,0)),"CEK ZONA NO di luar layout",IF(X96<>INDEX(LAYOUT!$D$2:$D$80,MATCH(Y96&"|"&W96,LAYOUT!$E$2:$E$80,0)),"CEK JENIS ZONA",IF($D96="","Zona STOCK",IF($E96="","CEK SKU DESCRIPTION kosong","OK")))))))
A97: Homeware | B97: Tableware | C97: Plates & Bowls | D97: 238182 | E97: COUPLE PLATE 27CM SIMPLE PLUS | L97: WLL-01 | M97: 1 | N97: Rak | O97: =IF(L97="","",IFERROR(INDEX(DAFTAR_FIXTURE!$B$2:$B$51,MATCH(L97,DAFTAR_FIXTURE!$A$2:$A$51,0)),"")) | P97: =IF(AND($D97="",L97=""),"",IF(L97="",IF(AND(Q97="",V97=""),"Belum ditempatkan",""),IF(O97="","CEK ID FIXTURE tidak ada di DAFTAR_FIXTURE",IF(M97="","CEK ZONA NO kosong",IF(ISNA(MATCH(O97&"|"&M97,LAYOUT!$E$2:$E$80,0)),"CEK ZONA NO di luar layout",IF(N97<>INDEX(LAYOUT!$D$2:$D$80,MATCH(O97&"|"&M97,LAYOUT!$E$2:$E$80,0)),"CEK JENIS ZONA",IF($D97="","Zona STOCK",IF($E97="","CEK SKU DESCRIPTION kosong","OK")))))))) | T97: =IF(Q97="","",IFERROR(INDEX(DAFTAR_FIXTURE!$B$2:$B$51,MATCH(Q97,DAFTAR_FIXTURE!$A$2:$A$51,0)),"")) | U97: =IF(Q97="","",IF(T97="","CEK ID FIXTURE tidak ada di DAFTAR_FIXTURE",IF(R97="","CEK ZONA NO kosong",IF(ISNA(MATCH(T97&"|"&R97,LAYOUT!$E$2:$E$80,0)),"CEK ZONA NO di luar layout",IF(S97<>INDEX(LAYOUT!$D$2:$D$80,MATCH(T97&"|"&R97,LAYOUT!$E$2:$E$80,0)),"CEK JENIS ZONA",IF($D97="","Zona STOCK",IF($E97="","CEK SKU DESCRIPTION kosong","OK"))))))) | Y97: =IF(V97="","",IFERROR(INDEX(DAFTAR_FIXTURE!$B$2:$B$51,MATCH(V97,DAFTAR_FIXTURE!$A$2:$A$51,0)),"")) | Z97: =IF(V97="","",IF(Y97="","CEK ID FIXTURE tidak ada di DAFTAR_FIXTURE",IF(W97="","CEK ZONA NO kosong",IF(ISNA(MATCH(Y97&"|"&W97,LAYOUT!$E$2:$E$80,0)),"CEK ZONA NO di luar layout",IF(X97<>INDEX(LAYOUT!$D$2:$D$80,MATCH(Y97&"|"&W97,LAYOUT!$E$2:$E$80,0)),"CEK JENIS ZONA",IF($D97="","Zona STOCK",IF($E97="","CEK SKU DESCRIPTION kosong","OK")))))))
A98: Homeware | B98: Tableware | C98: Plates & Bowls | D98: 238187 | E98: RECT PLATE 14.5CMX22CM SIMPLE PLUS | L98: WLL-01 | M98: 1 | N98: Rak | O98: =IF(L98="","",IFERROR(INDEX(DAFTAR_FIXTURE!$B$2:$B$51,MATCH(L98,DAFTAR_FIXTURE!$A$2:$A$51,0)),"")) | P98: =IF(AND($D98="",L98=""),"",IF(L98="",IF(AND(Q98="",V98=""),"Belum ditempatkan",""),IF(O98="","CEK ID FIXTURE tidak ada di DAFTAR_FIXTURE",IF(M98="","CEK ZONA NO kosong",IF(ISNA(MATCH(O98&"|"&M98,LAYOUT!$E$2:$E$80,0)),"CEK ZONA NO di luar layout",IF(N98<>INDEX(LAYOUT!$D$2:$D$80,MATCH(O98&"|"&M98,LAYOUT!$E$2:$E$80,0)),"CEK JENIS ZONA",IF($D98="","Zona STOCK",IF($E98="","CEK SKU DESCRIPTION kosong","OK")))))))) | T98: =IF(Q98="","",IFERROR(INDEX(DAFTAR_FIXTURE!$B$2:$B$51,MATCH(Q98,DAFTAR_FIXTURE!$A$2:$A$51,0)),"")) | U98: =IF(Q98="","",IF(T98="","CEK ID FIXTURE tidak ada di DAFTAR_FIXTURE",IF(R98="","CEK ZONA NO kosong",IF(ISNA(MATCH(T98&"|"&R98,LAYOUT!$E$2:$E$80,0)),"CEK ZONA NO di luar layout",IF(S98<>INDEX(LAYOUT!$D$2:$D$80,MATCH(T98&"|"&R98,LAYOUT!$E$2:$E$80,0)),"CEK JENIS ZONA",IF($D98="","Zona STOCK",IF($E98="","CEK SKU DESCRIPTION kosong","OK"))))))) | Y98: =IF(V98="","",IFERROR(INDEX(DAFTAR_FIXTURE!$B$2:$B$51,MATCH(V98,DAFTAR_FIXTURE!$A$2:$A$51,0)),"")) | Z98: =IF(V98="","",IF(Y98="","CEK ID FIXTURE tidak ada di DAFTAR_FIXTURE",IF(W98="","CEK ZONA NO kosong",IF(ISNA(MATCH(Y98&"|"&W98,LAYOUT!$E$2:$E$80,0)),"CEK ZONA NO di luar layout",IF(X98<>INDEX(LAYOUT!$D$2:$D$80,MATCH(Y98&"|"&W98,LAYOUT!$E$2:$E$80,0)),"CEK JENIS ZONA",IF($D98="","Zona STOCK",IF($E98="","CEK SKU DESCRIPTION kosong","OK")))))))
A99: Homeware | B99: Tableware | C99: Plates & Bowls | D99: 238192 | E99: LOW BOWL 17 CM SIMPLE PLUS | L99: WLL-01 | M99: 1 | N99: Rak | O99: =IF(L99="","",IFERROR(INDEX(DAFTAR_FIXTURE!$B$2:$B$51,MATCH(L99,DAFTAR_FIXTURE!$A$2:$A$51,0)),"")) | P99: =IF(AND($D99="",L99=""),"",IF(L99="",IF(AND(Q99="",V99=""),"Belum ditempatkan",""),IF(O99="","CEK ID FIXTURE tidak ada di DAFTAR_FIXTURE",IF(M99="","CEK ZONA NO kosong",IF(ISNA(MATCH(O99&"|"&M99,LAYOUT!$E$2:$E$80,0)),"CEK ZONA NO di luar layout",IF(N99<>INDEX(LAYOUT!$D$2:$D$80,MATCH(O99&"|"&M99,LAYOUT!$E$2:$E$80,0)),"CEK JENIS ZONA",IF($D99="","Zona STOCK",IF($E99="","CEK SKU DESCRIPTION kosong","OK")))))))) | T99: =IF(Q99="","",IFERROR(INDEX(DAFTAR_FIXTURE!$B$2:$B$51,MATCH(Q99,DAFTAR_FIXTURE!$A$2:$A$51,0)),"")) | U99: =IF(Q99="","",IF(T99="","CEK ID FIXTURE tidak ada di DAFTAR_FIXTURE",IF(R99="","CEK ZONA NO kosong",IF(ISNA(MATCH(T99&"|"&R99,LAYOUT!$E$2:$E$80,0)),"CEK ZONA NO di luar layout",IF(S99<>INDEX(LAYOUT!$D$2:$D$80,MATCH(T99&"|"&R99,LAYOUT!$E$2:$E$80,0)),"CEK JENIS ZONA",IF($D99="","Zona STOCK",IF($E99="","CEK SKU DESCRIPTION kosong","OK"))))))) | Y99: =IF(V99="","",IFERROR(INDEX(DAFTAR_FIXTURE!$B$2:$B$51,MATCH(V99,DAFTAR_FIXTURE!$A$2:$A$51,0)),"")) | Z99: =IF(V99="","",IF(Y99="","CEK ID FIXTURE tidak ada di DAFTAR_FIXTURE",IF(W99="","CEK ZONA NO kosong",IF(ISNA(MATCH(Y99&"|"&W99,LAYOUT!$E$2:$E$80,0)),"CEK ZONA NO di luar layout",IF(X99<>INDEX(LAYOUT!$D$2:$D$80,MATCH(Y99&"|"&W99,LAYOUT!$E$2:$E$80,0)),"CEK JENIS ZONA",IF($D99="","Zona STOCK",IF($E99="","CEK SKU DESCRIPTION kosong","OK")))))))
A100: Homeware | B100: Drinkware | C100: Glassware | D100: 10099940 | E100: INVERNESS WATER GLASS SET 355ML (6) | G100: MAKAN | H100: A1. GLASSWARE | I100: INVERNESS | L100: WLL-01 | M100: 6 | N100: Rak | O100: =IF(L100="","",IFERROR(INDEX(DAFTAR_FIXTURE!$B$2:$B$51,MATCH(L100,DAFTAR_FIXTURE!$A$2:$A$51,0)),"")) | P100: =IF(AND($D100="",L100=""),"",IF(L100="",IF(AND(Q100="",V100=""),"Belum ditempatkan",""),IF(O100="","CEK ID FIXTURE tidak ada di DAFTAR_FIXTURE",IF(M100="","CEK ZONA NO kosong",IF(ISNA(MATCH(O100&"|"&M100,LAYOUT!$E$2:$E$80,0)),"CEK ZONA NO di luar layout",IF(N100<>INDEX(LAYOUT!$D$2:$D$80,MATCH(O100&"|"&M100,LAYOUT!$E$2:$E$80,0)),"CEK JENIS ZONA",IF($D100="","Zona STOCK",IF($E100="","CEK SKU DESCRIPTION kosong","OK")))))))) | T100: =IF(Q100="","",IFERROR(INDEX(DAFTAR_FIXTURE!$B$2:$B$51,MATCH(Q100,DAFTAR_FIXTURE!$A$2:$A$51,0)),"")) | U100: =IF(Q100="","",IF(T100="","CEK ID FIXTURE tidak ada di DAFTAR_FIXTURE",IF(R100="","CEK ZONA NO kosong",IF(ISNA(MATCH(T100&"|"&R100,LAYOUT!$E$2:$E$80,0)),"CEK ZONA NO di luar layout",IF(S100<>INDEX(LAYOUT!$D$2:$D$80,MATCH(T100&"|"&R100,LAYOUT!$E$2:$E$80,0)),"CEK JENIS ZONA",IF($D100="","Zona STOCK",IF($E100="","CEK SKU DESCRIPTION kosong","OK"))))))) | Y100: =IF(V100="","",IFERROR(INDEX(DAFTAR_FIXTURE!$B$2:$B$51,MATCH(V100,DAFTAR_FIXTURE!$A$2:$A$51,0)),"")) | Z100: =IF(V100="","",IF(Y100="","CEK ID FIXTURE tidak ada di DAFTAR_FIXTURE",IF(W100="","CEK ZONA NO kosong",IF(ISNA(MATCH(Y100&"|"&W100,LAYOUT!$E$2:$E$80,0)),"CEK ZONA NO di luar layout",IF(X100<>INDEX(LAYOUT!$D$2:$D$80,MATCH(Y100&"|"&W100,LAYOUT!$E$2:$E$80,0)),"CEK JENIS ZONA",IF($D100="","Zona STOCK",IF($E100="","CEK SKU DESCRIPTION kosong","OK")))))))
A101: Homeware | B101: Drinkware | C101: Cup & Saucer | D101: 238190 | E101: CUP 100 CC W/SAUCER 12.5CM SIMPLE PLUS | L101: WLL-01 | M101: 6 | N101: Rak | O101: =IF(L101="","",IFERROR(INDEX(DAFTAR_FIXTURE!$B$2:$B$51,MATCH(L101,DAFTAR_FIXTURE!$A$2:$A$51,0)),"")) | P101: =IF(AND($D101="",L101=""),"",IF(L101="",IF(AND(Q101="",V101=""),"Belum ditempatkan",""),IF(O101="","CEK ID FIXTURE tidak ada di DAFTAR_FIXTURE",IF(M101="","CEK ZONA NO kosong",IF(ISNA(MATCH(O101&"|"&M101,LAYOUT!$E$2:$E$80,0)),"CEK ZONA NO di luar layout",IF(N101<>INDEX(LAYOUT!$D$2:$D$80,MATCH(O101&"|"&M101,LAYOUT!$E$2:$E$80,0)),"CEK JENIS ZONA",IF($D101="","Zona STOCK",IF($E101="","CEK SKU DESCRIPTION kosong","OK")))))))) | T101: =IF(Q101="","",IFERROR(INDEX(DAFTAR_FIXTURE!$B$2:$B$51,MATCH(Q101,DAFTAR_FIXTURE!$A$2:$A$51,0)),"")) | U101: =IF(Q101="","",IF(T101="","CEK ID FIXTURE tidak ada di DAFTAR_FIXTURE",IF(R101="","CEK ZONA NO kosong",IF(ISNA(MATCH(T101&"|"&R101,LAYOUT!$E$2:$E$80,0)),"CEK ZONA NO di luar layout",IF(S101<>INDEX(LAYOUT!$D$2:$D$80,MATCH(T101&"|"&R101,LAYOUT!$E$2:$E$80,0)),"CEK JENIS ZONA",IF($D101="","Zona STOCK",IF($E101="","CEK SKU DESCRIPTION kosong","OK"))))))) | Y101: =IF(V101="","",IFERROR(INDEX(DAFTAR_FIXTURE!$B$2:$B$51,MATCH(V101,DAFTAR_FIXTURE!$A$2:$A$51,0)),"")) | Z101: =IF(V101="","",IF(Y101="","CEK ID FIXTURE tidak ada di DAFTAR_FIXTURE",IF(W101="","CEK ZONA NO kosong",IF(ISNA(MATCH(Y101&"|"&W101,LAYOUT!$E$2:$E$80,0)),"CEK ZONA NO di luar layout",IF(X101<>INDEX(LAYOUT!$D$2:$D$80,MATCH(Y101&"|"&W101,LAYOUT!$E$2:$E$80,0)),"CEK JENIS ZONA",IF($D101="","Zona STOCK",IF($E101="","CEK SKU DESCRIPTION kosong","OK")))))))
A102: Homeware | B102: Drinkware | C102: Cup & Saucer | D102: 238191 | E102: CUP 200 CC W/SAUCER 15.5CM SIMPLE PLUS | L102: WLL-01 | M102: 6 | N102: Rak | O102: =IF(L102="","",IFERROR(INDEX(DAFTAR_FIXTURE!$B$2:$B$51,MATCH(L102,DAFTAR_FIXTURE!$A$2:$A$51,0)),"")) | P102: =IF(AND($D102="",L102=""),"",IF(L102="",IF(AND(Q102="",V102=""),"Belum ditempatkan",""),IF(O102="","CEK ID FIXTURE tidak ada di DAFTAR_FIXTURE",IF(M102="","CEK ZONA NO kosong",IF(ISNA(MATCH(O102&"|"&M102,LAYOUT!$E$2:$E$80,0)),"CEK ZONA NO di luar layout",IF(N102<>INDEX(LAYOUT!$D$2:$D$80,MATCH(O102&"|"&M102,LAYOUT!$E$2:$E$80,0)),"CEK JENIS ZONA",IF($D102="","Zona STOCK",IF($E102="","CEK SKU DESCRIPTION kosong","OK")))))))) | T102: =IF(Q102="","",IFERROR(INDEX(DAFTAR_FIXTURE!$B$2:$B$51,MATCH(Q102,DAFTAR_FIXTURE!$A$2:$A$51,0)),"")) | U102: =IF(Q102="","",IF(T102="","CEK ID FIXTURE tidak ada di DAFTAR_FIXTURE",IF(R102="","CEK ZONA NO kosong",IF(ISNA(MATCH(T102&"|"&R102,LAYOUT!$E$2:$E$80,0)),"CEK ZONA NO di luar layout",IF(S102<>INDEX(LAYOUT!$D$2:$D$80,MATCH(T102&"|"&R102,LAYOUT!$E$2:$E$80,0)),"CEK JENIS ZONA",IF($D102="","Zona STOCK",IF($E102="","CEK SKU DESCRIPTION kosong","OK"))))))) | Y102: =IF(V102="","",IFERROR(INDEX(DAFTAR_FIXTURE!$B$2:$B$51,MATCH(V102,DAFTAR_FIXTURE!$A$2:$A$51,0)),"")) | Z102: =IF(V102="","",IF(Y102="","CEK ID FIXTURE tidak ada di DAFTAR_FIXTURE",IF(W102="","CEK ZONA NO kosong",IF(ISNA(MATCH(Y102&"|"&W102,LAYOUT!$E$2:$E$80,0)),"CEK ZONA NO di luar layout",IF(X102<>INDEX(LAYOUT!$D$2:$D$80,MATCH(Y102&"|"&W102,LAYOUT!$E$2:$E$80,0)),"CEK JENIS ZONA",IF($D102="","Zona STOCK",IF($E102="","CEK SKU DESCRIPTION kosong","OK")))))))
A103: Homeware | B103: Storage | C103: Food Storage | D103: 10680419 | E103: MOSQUE DOME GLASS JAR SET OF 3 450ML | G103: PENYIMPANAN | H103: E4. CANISTER | I103: GLASS FANCY | L103: WLL-02 | M103: 5 | N103: Rak | O103: =IF(L103="","",IFERROR(INDEX(DAFTAR_FIXTURE!$B$2:$B$51,MATCH(L103,DAFTAR_FIXTURE!$A$2:$A$51,0)),"")) | P103: =IF(AND($D103="",L103=""),"",IF(L103="",IF(AND(Q103="",V103=""),"Belum ditempatkan",""),IF(O103="","CEK ID FIXTURE tidak ada di DAFTAR_FIXTURE",IF(M103="","CEK ZONA NO kosong",IF(ISNA(MATCH(O103&"|"&M103,LAYOUT!$E$2:$E$80,0)),"CEK ZONA NO di luar layout",IF(N103<>INDEX(LAYOUT!$D$2:$D$80,MATCH(O103&"|"&M103,LAYOUT!$E$2:$E$80,0)),"CEK JENIS ZONA",IF($D103="","Zona STOCK",IF($E103="","CEK SKU DESCRIPTION kosong","OK")))))))) | T103: =IF(Q103="","",IFERROR(INDEX(DAFTAR_FIXTURE!$B$2:$B$51,MATCH(Q103,DAFTAR_FIXTURE!$A$2:$A$51,0)),"")) | U103: =IF(Q103="","",IF(T103="","CEK ID FIXTURE tidak ada di DAFTAR_FIXTURE",IF(R103="","CEK ZONA NO kosong",IF(ISNA(MATCH(T103&"|"&R103,LAYOUT!$E$2:$E$80,0)),"CEK ZONA NO di luar layout",IF(S103<>INDEX(LAYOUT!$D$2:$D$80,MATCH(T103&"|"&R103,LAYOUT!$E$2:$E$80,0)),"CEK JENIS ZONA",IF($D103="","Zona STOCK",IF($E103="","CEK SKU DESCRIPTION kosong","OK"))))))) | Y103: =IF(V103="","",IFERROR(INDEX(DAFTAR_FIXTURE!$B$2:$B$51,MATCH(V103,DAFTAR_FIXTURE!$A$2:$A$51,0)),"")) | Z103: =IF(V103="","",IF(Y103="","CEK ID FIXTURE tidak ada di DAFTAR_FIXTURE",IF(W103="","CEK ZONA NO kosong",IF(ISNA(MATCH(Y103&"|"&W103,LAYOUT!$E$2:$E$80,0)),"CEK ZONA NO di luar layout",IF(X103<>INDEX(LAYOUT!$D$2:$D$80,MATCH(Y103&"|"&W103,LAYOUT!$E$2:$E$80,0)),"CEK JENIS ZONA",IF($D103="","Zona STOCK",IF($E103="","CEK SKU DESCRIPTION kosong","OK")))))))
A104: Homeware | B104: Storage | C104: Food Storage | D104: 10682153 | E104: EID 2026 GLASS JAR SET OF 3 900ML | G104: PENYIMPANAN | H104: E4. CANISTER | I104: GLASS FANCY | L104: WLL-02 | M104: 5 | N104: Rak | O104: =IF(L104="","",IFERROR(INDEX(DAFTAR_FIXTURE!$B$2:$B$51,MATCH(L104,DAFTAR_FIXTURE!$A$2:$A$51,0)),"")) | P104: =IF(AND($D104="",L104=""),"",IF(L104="",IF(AND(Q104="",V104=""),"Belum ditempatkan",""),IF(O104="","CEK ID FIXTURE tidak ada di DAFTAR_FIXTURE",IF(M104="","CEK ZONA NO kosong",IF(ISNA(MATCH(O104&"|"&M104,LAYOUT!$E$2:$E$80,0)),"CEK ZONA NO di luar layout",IF(N104<>INDEX(LAYOUT!$D$2:$D$80,MATCH(O104&"|"&M104,LAYOUT!$E$2:$E$80,0)),"CEK JENIS ZONA",IF($D104="","Zona STOCK",IF($E104="","CEK SKU DESCRIPTION kosong","OK")))))))) | T104: =IF(Q104="","",IFERROR(INDEX(DAFTAR_FIXTURE!$B$2:$B$51,MATCH(Q104,DAFTAR_FIXTURE!$A$2:$A$51,0)),"")) | U104: =IF(Q104="","",IF(T104="","CEK ID FIXTURE tidak ada di DAFTAR_FIXTURE",IF(R104="","CEK ZONA NO kosong",IF(ISNA(MATCH(T104&"|"&R104,LAYOUT!$E$2:$E$80,0)),"CEK ZONA NO di luar layout",IF(S104<>INDEX(LAYOUT!$D$2:$D$80,MATCH(T104&"|"&R104,LAYOUT!$E$2:$E$80,0)),"CEK JENIS ZONA",IF($D104="","Zona STOCK",IF($E104="","CEK SKU DESCRIPTION kosong","OK"))))))) | Y104: =IF(V104="","",IFERROR(INDEX(DAFTAR_FIXTURE!$B$2:$B$51,MATCH(V104,DAFTAR_FIXTURE!$A$2:$A$51,0)),"")) | Z104: =IF(V104="","",IF(Y104="","CEK ID FIXTURE tidak ada di DAFTAR_FIXTURE",IF(W104="","CEK ZONA NO kosong",IF(ISNA(MATCH(Y104&"|"&W104,LAYOUT!$E$2:$E$80,0)),"CEK ZONA NO di luar layout",IF(X104<>INDEX(LAYOUT!$D$2:$D$80,MATCH(Y104&"|"&W104,LAYOUT!$E$2:$E$80,0)),"CEK JENIS ZONA",IF($D104="","Zona STOCK",IF($E104="","CEK SKU DESCRIPTION kosong","OK")))))))
A105: Homeware | B105: Storage | C105: Food Storage | D105: 10682154 | E105: GRETTA GLASS JAR SET OF 4 WITH RACK | G105: PENYIMPANAN | H105: E4. CANISTER | I105: GLASS BASIC | L105: WLL-02 | M105: 5 | N105: Rak | O105: =IF(L105="","",IFERROR(INDEX(DAFTAR_FIXTURE!$B$2:$B$51,MATCH(L105,DAFTAR_FIXTURE!$A$2:$A$51,0)),"")) | P105: =IF(AND($D105="",L105=""),"",IF(L105="",IF(AND(Q105="",V105=""),"Belum ditempatkan",""),IF(O105="","CEK ID FIXTURE tidak ada di DAFTAR_FIXTURE",IF(M105="","CEK ZONA NO kosong",IF(ISNA(MATCH(O105&"|"&M105,LAYOUT!$E$2:$E$80,0)),"CEK ZONA NO di luar layout",IF(N105<>INDEX(LAYOUT!$D$2:$D$80,MATCH(O105&"|"&M105,LAYOUT!$E$2:$E$80,0)),"CEK JENIS ZONA",IF($D105="","Zona STOCK",IF($E105="","CEK SKU DESCRIPTION kosong","OK")))))))) | T105: =IF(Q105="","",IFERROR(INDEX(DAFTAR_FIXTURE!$B$2:$B$51,MATCH(Q105,DAFTAR_FIXTURE!$A$2:$A$51,0)),"")) | U105: =IF(Q105="","",IF(T105="","CEK ID FIXTURE tidak ada di DAFTAR_FIXTURE",IF(R105="","CEK ZONA NO kosong",IF(ISNA(MATCH(T105&"|"&R105,LAYOUT!$E$2:$E$80,0)),"CEK ZONA NO di luar layout",IF(S105<>INDEX(LAYOUT!$D$2:$D$80,MATCH(T105&"|"&R105,LAYOUT!$E$2:$E$80,0)),"CEK JENIS ZONA",IF($D105="","Zona STOCK",IF($E105="","CEK SKU DESCRIPTION kosong","OK"))))))) | Y105: =IF(V105="","",IFERROR(INDEX(DAFTAR_FIXTURE!$B$2:$B$51,MATCH(V105,DAFTAR_FIXTURE!$A$2:$A$51,0)),"")) | Z105: =IF(V105="","",IF(Y105="","CEK ID FIXTURE tidak ada di DAFTAR_FIXTURE",IF(W105="","CEK ZONA NO kosong",IF(ISNA(MATCH(Y105&"|"&W105,LAYOUT!$E$2:$E$80,0)),"CEK ZONA NO di luar layout",IF(X105<>INDEX(LAYOUT!$D$2:$D$80,MATCH(Y105&"|"&W105,LAYOUT!$E$2:$E$80,0)),"CEK JENIS ZONA",IF($D105="","Zona STOCK",IF($E105="","CEK SKU DESCRIPTION kosong","OK")))))))
A106: Homeware | B106: Storage | C106: Food Storage | D106: 10682155 | E106: GRETTA GLASS JAR SET OF 3 WITH RACK | G106: PENYIMPANAN | H106: E4. CANISTER | I106: GLASS BASIC | L106: WLL-02 | M106: 5 | N106: Rak | O106: =IF(L106="","",IFERROR(INDEX(DAFTAR_FIXTURE!$B$2:$B$51,MATCH(L106,DAFTAR_FIXTURE!$A$2:$A$51,0)),"")) | P106: =IF(AND($D106="",L106=""),"",IF(L106="",IF(AND(Q106="",V106=""),"Belum ditempatkan",""),IF(O106="","CEK ID FIXTURE tidak ada di DAFTAR_FIXTURE",IF(M106="","CEK ZONA NO kosong",IF(ISNA(MATCH(O106&"|"&M106,LAYOUT!$E$2:$E$80,0)),"CEK ZONA NO di luar layout",IF(N106<>INDEX(LAYOUT!$D$2:$D$80,MATCH(O106&"|"&M106,LAYOUT!$E$2:$E$80,0)),"CEK JENIS ZONA",IF($D106="","Zona STOCK",IF($E106="","CEK SKU DESCRIPTION kosong","OK")))))))) | T106: =IF(Q106="","",IFERROR(INDEX(DAFTAR_FIXTURE!$B$2:$B$51,MATCH(Q106,DAFTAR_FIXTURE!$A$2:$A$51,0)),"")) | U106: =IF(Q106="","",IF(T106="","CEK ID FIXTURE tidak ada di DAFTAR_FIXTURE",IF(R106="","CEK ZONA NO kosong",IF(ISNA(MATCH(T106&"|"&R106,LAYOUT!$E$2:$E$80,0)),"CEK ZONA NO di luar layout",IF(S106<>INDEX(LAYOUT!$D$2:$D$80,MATCH(T106&"|"&R106,LAYOUT!$E$2:$E$80,0)),"CEK JENIS ZONA",IF($D106="","Zona STOCK",IF($E106="","CEK SKU DESCRIPTION kosong","OK"))))))) | Y106: =IF(V106="","",IFERROR(INDEX(DAFTAR_FIXTURE!$B$2:$B$51,MATCH(V106,DAFTAR_FIXTURE!$A$2:$A$51,0)),"")) | Z106: =IF(V106="","",IF(Y106="","CEK ID FIXTURE tidak ada di DAFTAR_FIXTURE",IF(W106="","CEK ZONA NO kosong",IF(ISNA(MATCH(Y106&"|"&W106,LAYOUT!$E$2:$E$80,0)),"CEK ZONA NO di luar layout",IF(X106<>INDEX(LAYOUT!$D$2:$D$80,MATCH(Y106&"|"&W106,LAYOUT!$E$2:$E$80,0)),"CEK JENIS ZONA",IF($D106="","Zona STOCK",IF($E106="","CEK SKU DESCRIPTION kosong","OK")))))))
A107: Homeware | B107: Tableware | C107: Serving Set | D107: 10681572 | E107: SERVING GLASS OVAL PLATER ZOE GOLD | G107: MAKAN | H107: A2. SERVINGWARE | I107: W/GOLD RACK GLASS | L107: WLL-03 | M107: 4 | N107: Rak | O107: =IF(L107="","",IFERROR(INDEX(DAFTAR_FIXTURE!$B$2:$B$51,MATCH(L107,DAFTAR_FIXTURE!$A$2:$A$51,0)),"")) | P107: =IF(AND($D107="",L107=""),"",IF(L107="",IF(AND(Q107="",V107=""),"Belum ditempatkan",""),IF(O107="","CEK ID FIXTURE tidak ada di DAFTAR_FIXTURE",IF(M107="","CEK ZONA NO kosong",IF(ISNA(MATCH(O107&"|"&M107,LAYOUT!$E$2:$E$80,0)),"CEK ZONA NO di luar layout",IF(N107<>INDEX(LAYOUT!$D$2:$D$80,MATCH(O107&"|"&M107,LAYOUT!$E$2:$E$80,0)),"CEK JENIS ZONA",IF($D107="","Zona STOCK",IF($E107="","CEK SKU DESCRIPTION kosong","OK")))))))) | T107: =IF(Q107="","",IFERROR(INDEX(DAFTAR_FIXTURE!$B$2:$B$51,MATCH(Q107,DAFTAR_FIXTURE!$A$2:$A$51,0)),"")) | U107: =IF(Q107="","",IF(T107="","CEK ID FIXTURE tidak ada di DAFTAR_FIXTURE",IF(R107="","CEK ZONA NO kosong",IF(ISNA(MATCH(T107&"|"&R107,LAYOUT!$E$2:$E$80,0)),"CEK ZONA NO di luar layout",IF(S107<>INDEX(LAYOUT!$D$2:$D$80,MATCH(T107&"|"&R107,LAYOUT!$E$2:$E$80,0)),"CEK JENIS ZONA",IF($D107="","Zona STOCK",IF($E107="","CEK SKU DESCRIPTION kosong","OK"))))))) | Y107: =IF(V107="","",IFERROR(INDEX(DAFTAR_FIXTURE!$B$2:$B$51,MATCH(V107,DAFTAR_FIXTURE!$A$2:$A$51,0)),"")) | Z107: =IF(V107="","",IF(Y107="","CEK ID FIXTURE tidak ada di DAFTAR_FIXTURE",IF(W107="","CEK ZONA NO kosong",IF(ISNA(MATCH(Y107&"|"&W107,LAYOUT!$E$2:$E$80,0)),"CEK ZONA NO di luar layout",IF(X107<>INDEX(LAYOUT!$D$2:$D$80,MATCH(Y107&"|"&W107,LAYOUT!$E$2:$E$80,0)),"CEK JENIS ZONA",IF($D107="","Zona STOCK",IF($E107="","CEK SKU DESCRIPTION kosong","OK")))))))
A108: Homeware | B108: Tableware | C108: Serving Set | D108: 10681573 | E108: SERVING GLASS SQR TWO RACK ZENA GOLD | G108: MAKAN | H108: A2. SERVINGWARE | I108: W/GOLD RACK GLASS | L108: WLL-03 | M108: 4 | N108: Rak | O108: =IF(L108="","",IFERROR(INDEX(DAFTAR_FIXTURE!$B$2:$B$51,MATCH(L108,DAFTAR_FIXTURE!$A$2:$A$51,0)),"")) | P108: =IF(AND($D108="",L108=""),"",IF(L108="",IF(AND(Q108="",V108=""),"Belum ditempatkan",""),IF(O108="","CEK ID FIXTURE tidak ada di DAFTAR_FIXTURE",IF(M108="","CEK ZONA NO kosong",IF(ISNA(MATCH(O108&"|"&M108,LAYOUT!$E$2:$E$80,0)),"CEK ZONA NO di luar layout",IF(N108<>INDEX(LAYOUT!$D$2:$D$80,MATCH(O108&"|"&M108,LAYOUT!$E$2:$E$80,0)),"CEK JENIS ZONA",IF($D108="","Zona STOCK",IF($E108="","CEK SKU DESCRIPTION kosong","OK")))))))) | T108: =IF(Q108="","",IFERROR(INDEX(DAFTAR_FIXTURE!$B$2:$B$51,MATCH(Q108,DAFTAR_FIXTURE!$A$2:$A$51,0)),"")) | U108: =IF(Q108="","",IF(T108="","CEK ID FIXTURE tidak ada di DAFTAR_FIXTURE",IF(R108="","CEK ZONA NO kosong",IF(ISNA(MATCH(T108&"|"&R108,LAYOUT!$E$2:$E$80,0)),"CEK ZONA NO di luar layout",IF(S108<>INDEX(LAYOUT!$D$2:$D$80,MATCH(T108&"|"&R108,LAYOUT!$E$2:$E$80,0)),"CEK JENIS ZONA",IF($D108="","Zona STOCK",IF($E108="","CEK SKU DESCRIPTION kosong","OK"))))))) | Y108: =IF(V108="","",IFERROR(INDEX(DAFTAR_FIXTURE!$B$2:$B$51,MATCH(V108,DAFTAR_FIXTURE!$A$2:$A$51,0)),"")) | Z108: =IF(V108="","",IF(Y108="","CEK ID FIXTURE tidak ada di DAFTAR_FIXTURE",IF(W108="","CEK ZONA NO kosong",IF(ISNA(MATCH(Y108&"|"&W108,LAYOUT!$E$2:$E$80,0)),"CEK ZONA NO di luar layout",IF(X108<>INDEX(LAYOUT!$D$2:$D$80,MATCH(Y108&"|"&W108,LAYOUT!$E$2:$E$80,0)),"CEK JENIS ZONA",IF($D108="","Zona STOCK",IF($E108="","CEK SKU DESCRIPTION kosong","OK")))))))
A109: Homeware | B109: Tableware | C109: Serving Set | D109: 10681574 | E109: SERVING GLASS RND TWO RACK ZIA GOLD | G109: MAKAN | H109: A2. SERVINGWARE | I109: W/GOLD RACK GLASS | L109: WLL-03 | M109: 4 | N109: Rak | O109: =IF(L109="","",IFERROR(INDEX(DAFTAR_FIXTURE!$B$2:$B$51,MATCH(L109,DAFTAR_FIXTURE!$A$2:$A$51,0)),"")) | P109: =IF(AND($D109="",L109=""),"",IF(L109="",IF(AND(Q109="",V109=""),"Belum ditempatkan",""),IF(O109="","CEK ID FIXTURE tidak ada di DAFTAR_FIXTURE",IF(M109="","CEK ZONA NO kosong",IF(ISNA(MATCH(O109&"|"&M109,LAYOUT!$E$2:$E$80,0)),"CEK ZONA NO di luar layout",IF(N109<>INDEX(LAYOUT!$D$2:$D$80,MATCH(O109&"|"&M109,LAYOUT!$E$2:$E$80,0)),"CEK JENIS ZONA",IF($D109="","Zona STOCK",IF($E109="","CEK SKU DESCRIPTION kosong","OK")))))))) | T109: =IF(Q109="","",IFERROR(INDEX(DAFTAR_FIXTURE!$B$2:$B$51,MATCH(Q109,DAFTAR_FIXTURE!$A$2:$A$51,0)),"")) | U109: =IF(Q109="","",IF(T109="","CEK ID FIXTURE tidak ada di DAFTAR_FIXTURE",IF(R109="","CEK ZONA NO kosong",IF(ISNA(MATCH(T109&"|"&R109,LAYOUT!$E$2:$E$80,0)),"CEK ZONA NO di luar layout",IF(S109<>INDEX(LAYOUT!$D$2:$D$80,MATCH(T109&"|"&R109,LAYOUT!$E$2:$E$80,0)),"CEK JENIS ZONA",IF($D109="","Zona STOCK",IF($E109="","CEK SKU DESCRIPTION kosong","OK"))))))) | Y109: =IF(V109="","",IFERROR(INDEX(DAFTAR_FIXTURE!$B$2:$B$51,MATCH(V109,DAFTAR_FIXTURE!$A$2:$A$51,0)),"")) | Z109: =IF(V109="","",IF(Y109="","CEK ID FIXTURE tidak ada di DAFTAR_FIXTURE",IF(W109="","CEK ZONA NO kosong",IF(ISNA(MATCH(Y109&"|"&W109,LAYOUT!$E$2:$E$80,0)),"CEK ZONA NO di luar layout",IF(X109<>INDEX(LAYOUT!$D$2:$D$80,MATCH(Y109&"|"&W109,LAYOUT!$E$2:$E$80,0)),"CEK JENIS ZONA",IF($D109="","Zona STOCK",IF($E109="","CEK SKU DESCRIPTION kosong","OK")))))))
A110: Homeware | B110: Tableware | C110: Serving Set | D110: 10470030 | E110: SERVING SET RND DETACHABLE MARBLE (2) | G110: MAKAN | H110: A2. SERVINGWARE | I110: SERVING SET MARBLE | L110: WLL-03 | M110: 5 | N110: Rak | O110: =IF(L110="","",IFERROR(INDEX(DAFTAR_FIXTURE!$B$2:$B$51,MATCH(L110,DAFTAR_FIXTURE!$A$2:$A$51,0)),"")) | P110: =IF(AND($D110="",L110=""),"",IF(L110="",IF(AND(Q110="",V110=""),"Belum ditempatkan",""),IF(O110="","CEK ID FIXTURE tidak ada di DAFTAR_FIXTURE",IF(M110="","CEK ZONA NO kosong",IF(ISNA(MATCH(O110&"|"&M110,LAYOUT!$E$2:$E$80,0)),"CEK ZONA NO di luar layout",IF(N110<>INDEX(LAYOUT!$D$2:$D$80,MATCH(O110&"|"&M110,LAYOUT!$E$2:$E$80,0)),"CEK JENIS ZONA",IF($D110="","Zona STOCK",IF($E110="","CEK SKU DESCRIPTION kosong","OK")))))))) | T110: =IF(Q110="","",IFERROR(INDEX(DAFTAR_FIXTURE!$B$2:$B$51,MATCH(Q110,DAFTAR_FIXTURE!$A$2:$A$51,0)),"")) | U110: =IF(Q110="","",IF(T110="","CEK ID FIXTURE tidak ada di DAFTAR_FIXTURE",IF(R110="","CEK ZONA NO kosong",IF(ISNA(MATCH(T110&"|"&R110,LAYOUT!$E$2:$E$80,0)),"CEK ZONA NO di luar layout",IF(S110<>INDEX(LAYOUT!$D$2:$D$80,MATCH(T110&"|"&R110,LAYOUT!$E$2:$E$80,0)),"CEK JENIS ZONA",IF($D110="","Zona STOCK",IF($E110="","CEK SKU DESCRIPTION kosong","OK"))))))) | Y110: =IF(V110="","",IFERROR(INDEX(DAFTAR_FIXTURE!$B$2:$B$51,MATCH(V110,DAFTAR_FIXTURE!$A$2:$A$51,0)),"")) | Z110: =IF(V110="","",IF(Y110="","CEK ID FIXTURE tidak ada di DAFTAR_FIXTURE",IF(W110="","CEK ZONA NO kosong",IF(ISNA(MATCH(Y110&"|"&W110,LAYOUT!$E$2:$E$80,0)),"CEK ZONA NO di luar layout",IF(X110<>INDEX(LAYOUT!$D$2:$D$80,MATCH(Y110&"|"&W110,LAYOUT!$E$2:$E$80,0)),"CEK JENIS ZONA",IF($D110="","Zona STOCK",IF($E110="","CEK SKU DESCRIPTION kosong","OK")))))))
A111: Homeware | B111: Tableware | C111: Serving Set | D111: 10470031 | E111: SERVING SET W/RACK SQR MARBLE BLACK (3) | G111: MAKAN | H111: A2. SERVINGWARE | I111: SERVING SET MARBLE | L111: WLL-03 | M111: 5 | N111: Rak | O111: =IF(L111="","",IFERROR(INDEX(DAFTAR_FIXTURE!$B$2:$B$51,MATCH(L111,DAFTAR_FIXTURE!$A$2:$A$51,0)),"")) | P111: =IF(AND($D111="",L111=""),"",IF(L111="",IF(AND(Q111="",V111=""),"Belum ditempatkan",""),IF(O111="","CEK ID FIXTURE tidak ada di DAFTAR_FIXTURE",IF(M111="","CEK ZONA NO kosong",IF(ISNA(MATCH(O111&"|"&M111,LAYOUT!$E$2:$E$80,0)),"CEK ZONA NO di luar layout",IF(N111<>INDEX(LAYOUT!$D$2:$D$80,MATCH(O111&"|"&M111,LAYOUT!$E$2:$E$80,0)),"CEK JENIS ZONA",IF($D111="","Zona STOCK",IF($E111="","CEK SKU DESCRIPTION kosong","OK")))))))) | T111: =IF(Q111="","",IFERROR(INDEX(DAFTAR_FIXTURE!$B$2:$B$51,MATCH(Q111,DAFTAR_FIXTURE!$A$2:$A$51,0)),"")) | U111: =IF(Q111="","",IF(T111="","CEK ID FIXTURE tidak ada di DAFTAR_FIXTURE",IF(R111="","CEK ZONA NO kosong",IF(ISNA(MATCH(T111&"|"&R111,LAYOUT!$E$2:$E$80,0)),"CEK ZONA NO di luar layout",IF(S111<>INDEX(LAYOUT!$D$2:$D$80,MATCH(T111&"|"&R111,LAYOUT!$E$2:$E$80,0)),"CEK JENIS ZONA",IF($D111="","Zona STOCK",IF($E111="","CEK SKU DESCRIPTION kosong","OK"))))))) | Y111: =IF(V111="","",IFERROR(INDEX(DAFTAR_FIXTURE!$B$2:$B$51,MATCH(V111,DAFTAR_FIXTURE!$A$2:$A$51,0)),"")) | Z111: =IF(V111="","",IF(Y111="","CEK ID FIXTURE tidak ada di DAFTAR_FIXTURE",IF(W111="","CEK ZONA NO kosong",IF(ISNA(MATCH(Y111&"|"&W111,LAYOUT!$E$2:$E$80,0)),"CEK ZONA NO di luar layout",IF(X111<>INDEX(LAYOUT!$D$2:$D$80,MATCH(Y111&"|"&W111,LAYOUT!$E$2:$E$80,0)),"CEK JENIS ZONA",IF($D111="","Zona STOCK",IF($E111="","CEK SKU DESCRIPTION kosong","OK")))))))
A112: Homeware | B112: Tableware | C112: Serving Set | D112: 10470032 | E112: SERVING SET W/RACK STACK WHITE (3) | G112: MAKAN | H112: A2. SERVINGWARE | I112: SERVING SET MARBLE | L112: WLL-03 | M112: 5 | N112: Rak | O112: =IF(L112="","",IFERROR(INDEX(DAFTAR_FIXTURE!$B$2:$B$51,MATCH(L112,DAFTAR_FIXTURE!$A$2:$A$51,0)),"")) | P112: =IF(AND($D112="",L112=""),"",IF(L112="",IF(AND(Q112="",V112=""),"Belum ditempatkan",""),IF(O112="","CEK ID FIXTURE tidak ada di DAFTAR_FIXTURE",IF(M112="","CEK ZONA NO kosong",IF(ISNA(MATCH(O112&"|"&M112,LAYOUT!$E$2:$E$80,0)),"CEK ZONA NO di luar layout",IF(N112<>INDEX(LAYOUT!$D$2:$D$80,MATCH(O112&"|"&M112,LAYOUT!$E$2:$E$80,0)),"CEK JENIS ZONA",IF($D112="","Zona STOCK",IF($E112="","CEK SKU DESCRIPTION kosong","OK")))))))) | T112: =IF(Q112="","",IFERROR(INDEX(DAFTAR_FIXTURE!$B$2:$B$51,MATCH(Q112,DAFTAR_FIXTURE!$A$2:$A$51,0)),"")) | U112: =IF(Q112="","",IF(T112="","CEK ID FIXTURE tidak ada di DAFTAR_FIXTURE",IF(R112="","CEK ZONA NO kosong",IF(ISNA(MATCH(T112&"|"&R112,LAYOUT!$E$2:$E$80,0)),"CEK ZONA NO di luar layout",IF(S112<>INDEX(LAYOUT!$D$2:$D$80,MATCH(T112&"|"&R112,LAYOUT!$E$2:$E$80,0)),"CEK JENIS ZONA",IF($D112="","Zona STOCK",IF($E112="","CEK SKU DESCRIPTION kosong","OK"))))))) | Y112: =IF(V112="","",IFERROR(INDEX(DAFTAR_FIXTURE!$B$2:$B$51,MATCH(V112,DAFTAR_FIXTURE!$A$2:$A$51,0)),"")) | Z112: =IF(V112="","",IF(Y112="","CEK ID FIXTURE tidak ada di DAFTAR_FIXTURE",IF(W112="","CEK ZONA NO kosong",IF(ISNA(MATCH(Y112&"|"&W112,LAYOUT!$E$2:$E$80,0)),"CEK ZONA NO di luar layout",IF(X112<>INDEX(LAYOUT!$D$2:$D$80,MATCH(Y112&"|"&W112,LAYOUT!$E$2:$E$80,0)),"CEK JENIS ZONA",IF($D112="","Zona STOCK",IF($E112="","CEK SKU DESCRIPTION kosong","OK")))))))
A113: Homeware | B113: Kitchenware | C113: Kitchen Tools | D113: 10198149 | E113: TANTA STRAINER DIA 10CM | G113: ALAT MASAK | H113: C1. KITCHEN TOOLS | I113: TANTA S/S | L113: GND-03 | M113: 2 | N113: Gantungan | O113: =IF(L113="","",IFERROR(INDEX(DAFTAR_FIXTURE!$B$2:$B$51,MATCH(L113,DAFTAR_FIXTURE!$A$2:$A$51,0)),"")) | P113: =IF(AND($D113="",L113=""),"",IF(L113="",IF(AND(Q113="",V113=""),"Belum ditempatkan",""),IF(O113="","CEK ID FIXTURE tidak ada di DAFTAR_FIXTURE",IF(M113="","CEK ZONA NO kosong",IF(ISNA(MATCH(O113&"|"&M113,LAYOUT!$E$2:$E$80,0)),"CEK ZONA NO di luar layout",IF(N113<>INDEX(LAYOUT!$D$2:$D$80,MATCH(O113&"|"&M113,LAYOUT!$E$2:$E$80,0)),"CEK JENIS ZONA",IF($D113="","Zona STOCK",IF($E113="","CEK SKU DESCRIPTION kosong","OK")))))))) | T113: =IF(Q113="","",IFERROR(INDEX(DAFTAR_FIXTURE!$B$2:$B$51,MATCH(Q113,DAFTAR_FIXTURE!$A$2:$A$51,0)),"")) | U113: =IF(Q113="","",IF(T113="","CEK ID FIXTURE tidak ada di DAFTAR_FIXTURE",IF(R113="","CEK ZONA NO kosong",IF(ISNA(MATCH(T113&"|"&R113,LAYOUT!$E$2:$E$80,0)),"CEK ZONA NO di luar layout",IF(S113<>INDEX(LAYOUT!$D$2:$D$80,MATCH(T113&"|"&R113,LAYOUT!$E$2:$E$80,0)),"CEK JENIS ZONA",IF($D113="","Zona STOCK",IF($E113="","CEK SKU DESCRIPTION kosong","OK"))))))) | Y113: =IF(V113="","",IFERROR(INDEX(DAFTAR_FIXTURE!$B$2:$B$51,MATCH(V113,DAFTAR_FIXTURE!$A$2:$A$51,0)),"")) | Z113: =IF(V113="","",IF(Y113="","CEK ID FIXTURE tidak ada di DAFTAR_FIXTURE",IF(W113="","CEK ZONA NO kosong",IF(ISNA(MATCH(Y113&"|"&W113,LAYOUT!$E$2:$E$80,0)),"CEK ZONA NO di luar layout",IF(X113<>INDEX(LAYOUT!$D$2:$D$80,MATCH(Y113&"|"&W113,LAYOUT!$E$2:$E$80,0)),"CEK JENIS ZONA",IF($D113="","Zona STOCK",IF($E113="","CEK SKU DESCRIPTION kosong","OK")))))))
A114: Homeware | B114: Kitchenware | C114: Kitchen Tools | D114: 10198150 | E114: TANTA NYLON TONGS 9 INCH | G114: ALAT MASAK | H114: C1. KITCHEN TOOLS | I114: TANTA NYLON | L114: GND-03 | M114: 2 | N114: Gantungan | O114: =IF(L114="","",IFERROR(INDEX(DAFTAR_FIXTURE!$B$2:$B$51,MATCH(L114,DAFTAR_FIXTURE!$A$2:$A$51,0)),"")) | P114: =IF(AND($D114="",L114=""),"",IF(L114="",IF(AND(Q114="",V114=""),"Belum ditempatkan",""),IF(O114="","CEK ID FIXTURE tidak ada di DAFTAR_FIXTURE",IF(M114="","CEK ZONA NO kosong",IF(ISNA(MATCH(O114&"|"&M114,LAYOUT!$E$2:$E$80,0)),"CEK ZONA NO di luar layout",IF(N114<>INDEX(LAYOUT!$D$2:$D$80,MATCH(O114&"|"&M114,LAYOUT!$E$2:$E$80,0)),"CEK JENIS ZONA",IF($D114="","Zona STOCK",IF($E114="","CEK SKU DESCRIPTION kosong","OK")))))))) | T114: =IF(Q114="","",IFERROR(INDEX(DAFTAR_FIXTURE!$B$2:$B$51,MATCH(Q114,DAFTAR_FIXTURE!$A$2:$A$51,0)),"")) | U114: =IF(Q114="","",IF(T114="","CEK ID FIXTURE tidak ada di DAFTAR_FIXTURE",IF(R114="","CEK ZONA NO kosong",IF(ISNA(MATCH(T114&"|"&R114,LAYOUT!$E$2:$E$80,0)),"CEK ZONA NO di luar layout",IF(S114<>INDEX(LAYOUT!$D$2:$D$80,MATCH(T114&"|"&R114,LAYOUT!$E$2:$E$80,0)),"CEK JENIS ZONA",IF($D114="","Zona STOCK",IF($E114="","CEK SKU DESCRIPTION kosong","OK"))))))) | Y114: =IF(V114="","",IFERROR(INDEX(DAFTAR_FIXTURE!$B$2:$B$51,MATCH(V114,DAFTAR_FIXTURE!$A$2:$A$51,0)),"")) | Z114: =IF(V114="","",IF(Y114="","CEK ID FIXTURE tidak ada di DAFTAR_FIXTURE",IF(W114="","CEK ZONA NO kosong",IF(ISNA(MATCH(Y114&"|"&W114,LAYOUT!$E$2:$E$80,0)),"CEK ZONA NO di luar layout",IF(X114<>INDEX(LAYOUT!$D$2:$D$80,MATCH(Y114&"|"&W114,LAYOUT!$E$2:$E$80,0)),"CEK JENIS ZONA",IF($D114="","Zona STOCK",IF($E114="","CEK SKU DESCRIPTION kosong","OK")))))))
... A130: Homeware | B130: Kitchenware | C130: Kitchen Tools | D130: 10198160 | E130: TANTA NYLON WHISK | G130: ALAT MASAK | H130: C1. KITCHEN TOOLS | I130: TANTA NYLON | L130: GND-03 | M130: 4 | N130: Gantungan | O130: =IF(L130="","",IFERROR(INDEX(DAFTAR_FIXTURE!$B$2:$B$51,MATCH(L130,DAFTAR_FIXTURE!$A$2:$A$51,0)),"")) | P130: =IF(AND($D130="",L130=""),"",IF(L130="",IF(AND(Q130="",V130=""),"Belum ditempatkan",""),IF(O130="","CEK ID FIXTURE tidak ada di DAFTAR_FIXTURE",IF(M130="","CEK ZONA NO kosong",IF(ISNA(MATCH(O130&"|"&M130,LAYOUT!$E$2:$E$80,0)),"CEK ZONA NO di luar layout",IF(N130<>INDEX(LAYOUT!$D$2:$D$80,MATCH(O130&"|"&M130,LAYOUT!$E$2:$E$80,0)),"CEK JENIS ZONA",IF($D130="","Zona STOCK",IF($E130="","CEK SKU DESCRIPTION kosong","OK")))))))) | T130: =IF(Q130="","",IFERROR(INDEX(DAFTAR_FIXTURE!$B$2:$B$51,MATCH(Q130,DAFTAR_FIXTURE!$A$2:$A$51,0)),"")) | U130: =IF(Q130="","",IF(T130="","CEK ID FIXTURE tidak ada di DAFTAR_FIXTURE",IF(R130="","CEK ZONA NO kosong",IF(ISNA(MATCH(T130&"|"&R130,LAYOUT!$E$2:$E$80,0)),"CEK ZONA NO di luar layout",IF(S130<>INDEX(LAYOUT!$D$2:$D$80,MATCH(T130&"|"&R130,LAYOUT!$E$2:$E$80,0)),"CEK JENIS ZONA",IF($D130="","Zona STOCK",IF($E130="","CEK SKU DESCRIPTION kosong","OK"))))))) | Y130: =IF(V130="","",IFERROR(INDEX(DAFTAR_FIXTURE!$B$2:$B$51,MATCH(V130,DAFTAR_FIXTURE!$A$2:$A$51,0)),"")) | Z130: =IF(V130="","",IF(Y130="","CEK ID FIXTURE tidak ada di DAFTAR_FIXTURE",IF(W130="","CEK ZONA NO kosong",IF(ISNA(MATCH(Y130&"|"&W130,LAYOUT!$E$2:$E$80,0)),"CEK ZONA NO di luar layout",IF(X130<>INDEX(LAYOUT!$D$2:$D$80,MATCH(Y130&"|"&W130,LAYOUT!$E$2:$E$80,0)),"CEK JENIS ZONA",IF($D130="","Zona STOCK",IF($E130="","CEK SKU DESCRIPTION kosong","OK")))))))
A131: Homeware | B131: Drinkware | C131: Cup & Saucer | D131: 238190 | E131: CUP 100 CC W/SAUCER 12.5CM SIMPLE PLUS | L131: PLT-02 | M131: 1 | N131: Rak | O131: =IF(L131="","",IFERROR(INDEX(DAFTAR_FIXTURE!$B$2:$B$51,MATCH(L131,DAFTAR_FIXTURE!$A$2:$A$51,0)),"")) | P131: =IF(AND($D131="",L131=""),"",IF(L131="",IF(AND(Q131="",V131=""),"Belum ditempatkan",""),IF(O131="","CEK ID FIXTURE tidak ada di DAFTAR_FIXTURE",IF(M131="","CEK ZONA NO kosong",IF(ISNA(MATCH(O131&"|"&M131,LAYOUT!$E$2:$E$80,0)),"CEK ZONA NO di luar layout",IF(N131<>INDEX(LAYOUT!$D$2:$D$80,MATCH(O131&"|"&M131,LAYOUT!$E$2:$E$80,0)),"CEK JENIS ZONA",IF($D131="","Zona STOCK",IF($E131="","CEK SKU DESCRIPTION kosong","OK")))))))) | T131: =IF(Q131="","",IFERROR(INDEX(DAFTAR_FIXTURE!$B$2:$B$51,MATCH(Q131,DAFTAR_FIXTURE!$A$2:$A$51,0)),"")) | U131: =IF(Q131="","",IF(T131="","CEK ID FIXTURE tidak ada di DAFTAR_FIXTURE",IF(R131="","CEK ZONA NO kosong",IF(ISNA(MATCH(T131&"|"&R131,LAYOUT!$E$2:$E$80,0)),"CEK ZONA NO di luar layout",IF(S131<>INDEX(LAYOUT!$D$2:$D$80,MATCH(T131&"|"&R131,LAYOUT!$E$2:$E$80,0)),"CEK JENIS ZONA",IF($D131="","Zona STOCK",IF($E131="","CEK SKU DESCRIPTION kosong","OK"))))))) | Y131: =IF(V131="","",IFERROR(INDEX(DAFTAR_FIXTURE!$B$2:$B$51,MATCH(V131,DAFTAR_FIXTURE!$A$2:$A$51,0)),"")) | Z131: =IF(V131="","",IF(Y131="","CEK ID FIXTURE tidak ada di DAFTAR_FIXTURE",IF(W131="","CEK ZONA NO kosong",IF(ISNA(MATCH(Y131&"|"&W131,LAYOUT!$E$2:$E$80,0)),"CEK ZONA NO di luar layout",IF(X131<>INDEX(LAYOUT!$D$2:$D$80,MATCH(Y131&"|"&W131,LAYOUT!$E$2:$E$80,0)),"CEK JENIS ZONA",IF($D131="","Zona STOCK",IF($E131="","CEK SKU DESCRIPTION kosong","OK")))))))
A132: Homeware | B132: Drinkware | C132: Cup & Saucer | D132: 238191 | E132: CUP 200 CC W/SAUCER 15.5CM SIMPLE PLUS | L132: PLT-02 | M132: 1 | N132: Rak | O132: =IF(L132="","",IFERROR(INDEX(DAFTAR_FIXTURE!$B$2:$B$51,MATCH(L132,DAFTAR_FIXTURE!$A$2:$A$51,0)),"")) | P132: =IF(AND($D132="",L132=""),"",IF(L132="",IF(AND(Q132="",V132=""),"Belum ditempatkan",""),IF(O132="","CEK ID FIXTURE tidak ada di DAFTAR_FIXTURE",IF(M132="","CEK ZONA NO kosong",IF(ISNA(MATCH(O132&"|"&M132,LAYOUT!$E$2:$E$80,0)),"CEK ZONA NO di luar layout",IF(N132<>INDEX(LAYOUT!$D$2:$D$80,MATCH(O132&"|"&M132,LAYOUT!$E$2:$E$80,0)),"CEK JENIS ZONA",IF($D132="","Zona STOCK",IF($E132="","CEK SKU DESCRIPTION kosong","OK")))))))) | T132: =IF(Q132="","",IFERROR(INDEX(DAFTAR_FIXTURE!$B$2:$B$51,MATCH(Q132,DAFTAR_FIXTURE!$A$2:$A$51,0)),"")) | U132: =IF(Q132="","",IF(T132="","CEK ID FIXTURE tidak ada di DAFTAR_FIXTURE",IF(R132="","CEK ZONA NO kosong",IF(ISNA(MATCH(T132&"|"&R132,LAYOUT!$E$2:$E$80,0)),"CEK ZONA NO di luar layout",IF(S132<>INDEX(LAYOUT!$D$2:$D$80,MATCH(T132&"|"&R132,LAYOUT!$E$2:$E$80,0)),"CEK JENIS ZONA",IF($D132="","Zona STOCK",IF($E132="","CEK SKU DESCRIPTION kosong","OK"))))))) | Y132: =IF(V132="","",IFERROR(INDEX(DAFTAR_FIXTURE!$B$2:$B$51,MATCH(V132,DAFTAR_FIXTURE!$A$2:$A$51,0)),"")) | Z132: =IF(V132="","",IF(Y132="","CEK ID FIXTURE tidak ada di DAFTAR_FIXTURE",IF(W132="","CEK ZONA NO kosong",IF(ISNA(MATCH(Y132&"|"&W132,LAYOUT!$E$2:$E$80,0)),"CEK ZONA NO di luar layout",IF(X132<>INDEX(LAYOUT!$D$2:$D$80,MATCH(Y132&"|"&W132,LAYOUT!$E$2:$E$80,0)),"CEK JENIS ZONA",IF($D132="","Zona STOCK",IF($E132="","CEK SKU DESCRIPTION kosong","OK")))))))
A133: Homeware | B133: Tableware | C133: Plates & Bowls | D133: 238181 | E133: COUPE PLATE 16 CM SIMPLE PLUS | L133: PLT-02 | M133: 1 | N133: Rak | O133: =IF(L133="","",IFERROR(INDEX(DAFTAR_FIXTURE!$B$2:$B$51,MATCH(L133,DAFTAR_FIXTURE!$A$2:$A$51,0)),"")) | P133: =IF(AND($D133="",L133=""),"",IF(L133="",IF(AND(Q133="",V133=""),"Belum ditempatkan",""),IF(O133="","CEK ID FIXTURE tidak ada di DAFTAR_FIXTURE",IF(M133="","CEK ZONA NO kosong",IF(ISNA(MATCH(O133&"|"&M133,LAYOUT!$E$2:$E$80,0)),"CEK ZONA NO di luar layout",IF(N133<>INDEX(LAYOUT!$D$2:$D$80,MATCH(O133&"|"&M133,LAYOUT!$E$2:$E$80,0)),"CEK JENIS ZONA",IF($D133="","Zona STOCK",IF($E133="","CEK SKU DESCRIPTION kosong","OK")))))))) | T133: =IF(Q133="","",IFERROR(INDEX(DAFTAR_FIXTURE!$B$2:$B$51,MATCH(Q133,DAFTAR_FIXTURE!$A$2:$A$51,0)),"")) | U133: =IF(Q133="","",IF(T133="","CEK ID FIXTURE tidak ada di DAFTAR_FIXTURE",IF(R133="","CEK ZONA NO kosong",IF(ISNA(MATCH(T133&"|"&R133,LAYOUT!$E$2:$E$80,0)),"CEK ZONA NO di luar layout",IF(S133<>INDEX(LAYOUT!$D$2:$D$80,MATCH(T133&"|"&R133,LAYOUT!$E$2:$E$80,0)),"CEK JENIS ZONA",IF($D133="","Zona STOCK",IF($E133="","CEK SKU DESCRIPTION kosong","OK"))))))) | Y133: =IF(V133="","",IFERROR(INDEX(DAFTAR_FIXTURE!$B$2:$B$51,MATCH(V133,DAFTAR_FIXTURE!$A$2:$A$51,0)),"")) | Z133: =IF(V133="","",IF(Y133="","CEK ID FIXTURE tidak ada di DAFTAR_FIXTURE",IF(W133="","CEK ZONA NO kosong",IF(ISNA(MATCH(Y133&"|"&W133,LAYOUT!$E$2:$E$80,0)),"CEK ZONA NO di luar layout",IF(X133<>INDEX(LAYOUT!$D$2:$D$80,MATCH(Y133&"|"&W133,LAYOUT!$E$2:$E$80,0)),"CEK JENIS ZONA",IF($D133="","Zona STOCK",IF($E133="","CEK SKU DESCRIPTION kosong","OK")))))))
A134: Homeware | B134: Tableware | C134: Plates & Bowls | D134: 238182 | E134: COUPLE PLATE 27CM SIMPLE PLUS | L134: PLT-02 | M134: 1 | N134: Rak | O134: =IF(L134="","",IFERROR(INDEX(DAFTAR_FIXTURE!$B$2:$B$51,MATCH(L134,DAFTAR_FIXTURE!$A$2:$A$51,0)),"")) | P134: =IF(AND($D134="",L134=""),"",IF(L134="",IF(AND(Q134="",V134=""),"Belum ditempatkan",""),IF(O134="","CEK ID FIXTURE tidak ada di DAFTAR_FIXTURE",IF(M134="","CEK ZONA NO kosong",IF(ISNA(MATCH(O134&"|"&M134,LAYOUT!$E$2:$E$80,0)),"CEK ZONA NO di luar layout",IF(N134<>INDEX(LAYOUT!$D$2:$D$80,MATCH(O134&"|"&M134,LAYOUT!$E$2:$E$80,0)),"CEK JENIS ZONA",IF($D134="","Zona STOCK",IF($E134="","CEK SKU DESCRIPTION kosong","OK")))))))) | T134: =IF(Q134="","",IFERROR(INDEX(DAFTAR_FIXTURE!$B$2:$B$51,MATCH(Q134,DAFTAR_FIXTURE!$A$2:$A$51,0)),"")) | U134: =IF(Q134="","",IF(T134="","CEK ID FIXTURE tidak ada di DAFTAR_FIXTURE",IF(R134="","CEK ZONA NO kosong",IF(ISNA(MATCH(T134&"|"&R134,LAYOUT!$E$2:$E$80,0)),"CEK ZONA NO di luar layout",IF(S134<>INDEX(LAYOUT!$D$2:$D$80,MATCH(T134&"|"&R134,LAYOUT!$E$2:$E$80,0)),"CEK JENIS ZONA",IF($D134="","Zona STOCK",IF($E134="","CEK SKU DESCRIPTION kosong","OK"))))))) | Y134: =IF(V134="","",IFERROR(INDEX(DAFTAR_FIXTURE!$B$2:$B$51,MATCH(V134,DAFTAR_FIXTURE!$A$2:$A$51,0)),"")) | Z134: =IF(V134="","",IF(Y134="","CEK ID FIXTURE tidak ada di DAFTAR_FIXTURE",IF(W134="","CEK ZONA NO kosong",IF(ISNA(MATCH(Y134&"|"&W134,LAYOUT!$E$2:$E$80,0)),"CEK ZONA NO di luar layout",IF(X134<>INDEX(LAYOUT!$D$2:$D$80,MATCH(Y134&"|"&W134,LAYOUT!$E$2:$E$80,0)),"CEK JENIS ZONA",IF($D134="","Zona STOCK",IF($E134="","CEK SKU DESCRIPTION kosong","OK")))))))
O135: =IF(L135="","",IFERROR(INDEX(DAFTAR_FIXTURE!$B$2:$B$51,MATCH(L135,DAFTAR_FIXTURE!$A$2:$A$51,0)),"")) | P135: =IF(AND($D135="",L135=""),"",IF(L135="",IF(AND(Q135="",V135=""),"Belum ditempatkan",""),IF(O135="","CEK ID FIXTURE tidak ada di DAFTAR_FIXTURE",IF(M135="","CEK ZONA NO kosong",IF(ISNA(MATCH(O135&"|"&M135,LAYOUT!$E$2:$E$80,0)),"CEK ZONA NO di luar layout",IF(N135<>INDEX(LAYOUT!$D$2:$D$80,MATCH(O135&"|"&M135,LAYOUT!$E$2:$E$80,0)),"CEK JENIS ZONA",IF($D135="","Zona STOCK",IF($E135="","CEK SKU DESCRIPTION kosong","OK")))))))) | T135: =IF(Q135="","",IFERROR(INDEX(DAFTAR_FIXTURE!$B$2:$B$51,MATCH(Q135,DAFTAR_FIXTURE!$A$2:$A$51,0)),"")) | U135: =IF(Q135="","",IF(T135="","CEK ID FIXTURE tidak ada di DAFTAR_FIXTURE",IF(R135="","CEK ZONA NO kosong",IF(ISNA(MATCH(T135&"|"&R135,LAYOUT!$E$2:$E$80,0)),"CEK ZONA NO di luar layout",IF(S135<>INDEX(LAYOUT!$D$2:$D$80,MATCH(T135&"|"&R135,LAYOUT!$E$2:$E$80,0)),"CEK JENIS ZONA",IF($D135="","Zona STOCK",IF($E135="","CEK SKU DESCRIPTION kosong","OK"))))))) | Y135: =IF(V135="","",IFERROR(INDEX(DAFTAR_FIXTURE!$B$2:$B$51,MATCH(V135,DAFTAR_FIXTURE!$A$2:$A$51,0)),"")) | Z135: =IF(V135="","",IF(Y135="","CEK ID FIXTURE tidak ada di DAFTAR_FIXTURE",IF(W135="","CEK ZONA NO kosong",IF(ISNA(MATCH(Y135&"|"&W135,LAYOUT!$E$2:$E$80,0)),"CEK ZONA NO di luar layout",IF(X135<>INDEX(LAYOUT!$D$2:$D$80,MATCH(Y135&"|"&W135,LAYOUT!$E$2:$E$80,0)),"CEK JENIS ZONA",IF($D135="","Zona STOCK",IF($E135="","CEK SKU DESCRIPTION kosong","OK")))))))
...

Sheet DIMENSI
A1: SKU * | B1: SKU DESCRIPTION (otomatis dari DATA) | C1: LEBAR (cm) * | D1: TINGGI (cm) * | E1: KEDALAMAN (cm) * | F1: FACING (opsional) | G1: MAKS SUSUN (opsional) | H1: BOLEH DIPUTAR (opsional) | I1: CATATAN (opsional) | J1: ESTIMASI PCS / FACING (otomatis) | K1: STATUS (otomatis) | M1: PARAMETER ESTIMASI (boleh diubah) | N1: nilai
A2: 10445959 | B2: =IF(A2="","",IFERROR(INDEX(DATA!$E$2:$E$500,MATCH(A2,DATA!$D$2:$D$500,0)),"")) | C2: 36 | D2: 20 | E2: 28 | F2: 1 | G2: 1 | H2: Tidak | I2: contoh: ganti dengan ukuran asli | J2: =IF(OR(A2="",COUNT(C2:E2)<3),"",IFERROR(MAX(0,FLOOR(($N$2-$N$3)/E2,1))*MAX(1,MIN(IF(G2="",1,G2),FLOOR($N$4/D2,1)))*IF(F2="",1,F2),"")) | K2: =IF(A2="","",IF(COUNTIF(DATA!$D$2:$D$500,A2)=0,"CEK SKU tidak ada di DATA",IF(COUNT(C2:E2)<3,"CEK dimensi belum lengkap",IF(OR(C2<=0,D2<=0,E2<=0),"CEK dimensi harus lebih dari 0",IF(COUNTIF($A$2:$A$500,A2)>1,"CEK SKU dobel","OK"))))) | M2: Kedalaman rak (cm) | N2: 50
A3: 10445960 | B3: =IF(A3="","",IFERROR(INDEX(DATA!$E$2:$E$500,MATCH(A3,DATA!$D$2:$D$500,0)),"")) | C3: 38 | D3: 20 | E3: 28 | F3: 1 | G3: 1 | H3: Tidak | J3: =IF(OR(A3="",COUNT(C3:E3)<3),"",IFERROR(MAX(0,FLOOR(($N$2-$N$3)/E3,1))*MAX(1,MIN(IF(G3="",1,G3),FLOOR($N$4/D3,1)))*IF(F3="",1,F3),"")) | K3: =IF(A3="","",IF(COUNTIF(DATA!$D$2:$D$500,A3)=0,"CEK SKU tidak ada di DATA",IF(COUNT(C3:E3)<3,"CEK dimensi belum lengkap",IF(OR(C3<=0,D3<=0,E3<=0),"CEK dimensi harus lebih dari 0",IF(COUNTIF($A$2:$A$500,A3)>1,"CEK SKU dobel","OK"))))) | M3: Ruang bebas depan-belakang (cm) | N3: 2
A4: 10445961 | B4: =IF(A4="","",IFERROR(INDEX(DATA!$E$2:$E$500,MATCH(A4,DATA!$D$2:$D$500,0)),"")) | C4: 34 | D4: 22 | E4: 34 | F4: 1 | G4: 1 | H4: Tidak | J4: =IF(OR(A4="",COUNT(C4:E4)<3),"",IFERROR(MAX(0,FLOOR(($N$2-$N$3)/E4,1))*MAX(1,MIN(IF(G4="",1,G4),FLOOR($N$4/D4,1)))*IF(F4="",1,F4),"")) | K4: =IF(A4="","",IF(COUNTIF(DATA!$D$2:$D$500,A4)=0,"CEK SKU tidak ada di DATA",IF(COUNT(C4:E4)<3,"CEK dimensi belum lengkap",IF(OR(C4<=0,D4<=0,E4<=0),"CEK dimensi harus lebih dari 0",IF(COUNTIF($A$2:$A$500,A4)>1,"CEK SKU dobel","OK"))))) | M4: Tinggi ruang rak (cm) | N4: 35
A5: 10445962 | B5: =IF(A5="","",IFERROR(INDEX(DATA!$E$2:$E$500,MATCH(A5,DATA!$D$2:$D$500,0)),"")) | C5: 34 | D5: 22 | E5: 34 | F5: 1 | G5: 1 | H5: Tidak | J5: =IF(OR(A5="",COUNT(C5:E5)<3),"",IFERROR(MAX(0,FLOOR(($N$2-$N$3)/E5,1))*MAX(1,MIN(IF(G5="",1,G5),FLOOR($N$4/D5,1)))*IF(F5="",1,F5),"")) | K5: =IF(A5="","",IF(COUNTIF(DATA!$D$2:$D$500,A5)=0,"CEK SKU tidak ada di DATA",IF(COUNT(C5:E5)<3,"CEK dimensi belum lengkap",IF(OR(C5<=0,D5<=0,E5<=0),"CEK dimensi harus lebih dari 0",IF(COUNTIF($A$2:$A$500,A5)>1,"CEK SKU dobel","OK"))))) | M5: Panjang gantungan (cm) | N5: 25
A6: 10470029 | B6: =IF(A6="","",IFERROR(INDEX(DATA!$E$2:$E$500,MATCH(A6,DATA!$D$2:$D$500,0)),"")) | C6: 30 | D6: 26 | E6: 30 | F6: 1 | G6: 2 | H6: Tidak | I6: boleh ditumpuk 2 | J6: =IF(OR(A6="",COUNT(C6:E6)<3),"",IFERROR(MAX(0,FLOOR(($N$2-$N$3)/E6,1))*MAX(1,MIN(IF(G6="",1,G6),FLOOR($N$4/D6,1)))*IF(F6="",1,F6),"")) | K6: =IF(A6="","",IF(COUNTIF(DATA!$D$2:$D$500,A6)=0,"CEK SKU tidak ada di DATA",IF(COUNT(C6:E6)<3,"CEK dimensi belum lengkap",IF(OR(C6<=0,D6<=0,E6<=0),"CEK dimensi harus lebih dari 0",IF(COUNTIF($A$2:$A$500,A6)>1,"CEK SKU dobel","OK")))))
A7: 10680419 | B7: =IF(A7="","",IFERROR(INDEX(DATA!$E$2:$E$500,MATCH(A7,DATA!$D$2:$D$500,0)),"")) | C7: 24 | D7: 26 | E7: 24 | F7: 1 | G7: 2 | H7: Ya | I7: boleh diputar | J7: =IF(OR(A7="",COUNT(C7:E7)<3),"",IFERROR(MAX(0,FLOOR(($N$2-$N$3)/E7,1))*MAX(1,MIN(IF(G7="",1,G7),FLOOR($N$4/D7,1)))*IF(F7="",1,F7),"")) | K7: =IF(A7="","",IF(COUNTIF(DATA!$D$2:$D$500,A7)=0,"CEK SKU tidak ada di DATA",IF(COUNT(C7:E7)<3,"CEK dimensi belum lengkap",IF(OR(C7<=0,D7<=0,E7<=0),"CEK dimensi harus lebih dari 0",IF(COUNTIF($A$2:$A$500,A7)>1,"CEK SKU dobel","OK"))))) | M7: Catatan: kolom ESTIMASI hanya gambaran cepat untuk RAK (kedalaman rak 50 cm); tidak berlaku untuk kemasan gantung. Aplikasi memakai ukuran fixture dan zona yang sebenarnya, dan memakai "Panjang gantungan" untuk zona Gantungan.
A8: 10681571 | B8: =IF(A8="","",IFERROR(INDEX(DATA!$E$2:$E$500,MATCH(A8,DATA!$D$2:$D$500,0)),"")) | C8: 26 | D8: 8 | E8: 26 | F8: 1 | G8: 4 | H8: Tidak | I8: piring datar: ditumpuk 4 | J8: =IF(OR(A8="",COUNT(C8:E8)<3),"",IFERROR(MAX(0,FLOOR(($N$2-$N$3)/E8,1))*MAX(1,MIN(IF(G8="",1,G8),FLOOR($N$4/D8,1)))*IF(F8="",1,F8),"")) | K8: =IF(A8="","",IF(COUNTIF(DATA!$D$2:$D$500,A8)=0,"CEK SKU tidak ada di DATA",IF(COUNT(C8:E8)<3,"CEK dimensi belum lengkap",IF(OR(C8<=0,D8<=0,E8<=0),"CEK dimensi harus lebih dari 0",IF(COUNTIF($A$2:$A$500,A8)>1,"CEK SKU dobel","OK")))))
A9: 238181 | B9: =IF(A9="","",IFERROR(INDEX(DATA!$E$2:$E$500,MATCH(A9,DATA!$D$2:$D$500,0)),"")) | C9: 17 | D9: 6 | E9: 17 | F9: 1 | G9: 6 | H9: Tidak | I9: piring: ditumpuk 6 | J9: =IF(OR(A9="",COUNT(C9:E9)<3),"",IFERROR(MAX(0,FLOOR(($N$2-$N$3)/E9,1))*MAX(1,MIN(IF(G9="",1,G9),FLOOR($N$4/D9,1)))*IF(F9="",1,F9),"")) | K9: =IF(A9="","",IF(COUNTIF(DATA!$D$2:$D$500,A9)=0,"CEK SKU tidak ada di DATA",IF(COUNT(C9:E9)<3,"CEK dimensi belum lengkap",IF(OR(C9<=0,D9<=0,E9<=0),"CEK dimensi harus lebih dari 0",IF(COUNTIF($A$2:$A$500,A9)>1,"CEK SKU dobel","OK")))))
A10: 10421603 | B10: =IF(A10="","",IFERROR(INDEX(DATA!$E$2:$E$500,MATCH(A10,DATA!$D$2:$D$500,0)),"")) | C10: 18 | D10: 32 | E10: 6 | F10: 1 | G10: 1 | H10: Tidak | I10: kemasan gantung: kedalaman = tebal kemasan | J10: =IF(OR(A10="",COUNT(C10:E10)<3),"",IFERROR(MAX(0,FLOOR(($N$2-$N$3)/E10,1))*MAX(1,MIN(IF(G10="",1,G10),FLOOR($N$4/D10,1)))*IF(F10="",1,F10),"")) | K10: =IF(A10="","",IF(COUNTIF(DATA!$D$2:$D$500,A10)=0,"CEK SKU tidak ada di DATA",IF(COUNT(C10:E10)<3,"CEK dimensi belum lengkap",IF(OR(C10<=0,D10<=0,E10<=0),"CEK dimensi harus lebih dari 0",IF(COUNTIF($A$2:$A$500,A10)>1,"CEK SKU dobel","OK")))))
A11: 10198150 | B11: =IF(A11="","",IFERROR(INDEX(DATA!$E$2:$E$500,MATCH(A11,DATA!$D$2:$D$500,0)),"")) | C11: 9 | D11: 28 | E11: 2.5 | F11: 1 | G11: 1 | H11: Tidak | I11: blister alat dapur | J11: =IF(OR(A11="",COUNT(C11:E11)<3),"",IFERROR(MAX(0,FLOOR(($N$2-$N$3)/E11,1))*MAX(1,MIN(IF(G11="",1,G11),FLOOR($N$4/D11,1)))*IF(F11="",1,F11),"")) | K11: =IF(A11="","",IF(COUNTIF(DATA!$D$2:$D$500,A11)=0,"CEK SKU tidak ada di DATA",IF(COUNT(C11:E11)<3,"CEK dimensi belum lengkap",IF(OR(C11<=0,D11<=0,E11<=0),"CEK dimensi harus lebih dari 0",IF(COUNTIF($A$2:$A$500,A11)>1,"CEK SKU dobel","OK")))))
B12: =IF(A12="","",IFERROR(INDEX(DATA!$E$2:$E$500,MATCH(A12,DATA!$D$2:$D$500,0)),"")) | J12: =IF(OR(A12="",COUNT(C12:E12)<3),"",IFERROR(MAX(0,FLOOR(($N$2-$N$3)/E12,1))*MAX(1,MIN(IF(G12="",1,G12),FLOOR($N$4/D12,1)))*IF(F12="",1,F12),"")) | K12: =IF(A12="","",IF(COUNTIF(DATA!$D$2:$D$500,A12)=0,"CEK SKU tidak ada di DATA",IF(COUNT(C12:E12)<3,"CEK dimensi belum lengkap",IF(OR(C12<=0,D12<=0,E12<=0),"CEK dimensi harus lebih dari 0",IF(COUNTIF($A$2:$A$500,A12)>1,"CEK SKU dobel","OK")))))
B13: =IF(A13="","",IFERROR(INDEX(DATA!$E$2:$E$500,MATCH(A13,DATA!$D$2:$D$500,0)),"")) | J13: =IF(OR(A13="",COUNT(C13:E13)<3),"",IFERROR(MAX(0,FLOOR(($N$2-$N$3)/E13,1))*MAX(1,MIN(IF(G13="",1,G13),FLOOR($N$4/D13,1)))*IF(F13="",1,F13),"")) | K13: =IF(A13="","",IF(COUNTIF(DATA!$D$2:$D$500,A13)=0,"CEK SKU tidak ada di DATA",IF(COUNT(C13:E13)<3,"CEK dimensi belum lengkap",IF(OR(C13<=0,D13<=0,E13<=0),"CEK dimensi harus lebih dari 0",IF(COUNTIF($A$2:$A$500,A13)>1,"CEK SKU dobel","OK")))))
B14: =IF(A14="","",IFERROR(INDEX(DATA!$E$2:$E$500,MATCH(A14,DATA!$D$2:$D$500,0)),"")) | J14: =IF(OR(A14="",COUNT(C14:E14)<3),"",IFERROR(MAX(0,FLOOR(($N$2-$N$3)/E14,1))*MAX(1,MIN(IF(G14="",1,G14),FLOOR($N$4/D14,1)))*IF(F14="",1,F14),"")) | K14: =IF(A14="","",IF(COUNTIF(DATA!$D$2:$D$500,A14)=0,"CEK SKU tidak ada di DATA",IF(COUNT(C14:E14)<3,"CEK dimensi belum lengkap",IF(OR(C14<=0,D14<=0,E14<=0),"CEK dimensi harus lebih dari 0",IF(COUNTIF($A$2:$A$500,A14)>1,"CEK SKU dobel","OK")))))
B15: =IF(A15="","",IFERROR(INDEX(DATA!$E$2:$E$500,MATCH(A15,DATA!$D$2:$D$500,0)),"")) | J15: =IF(OR(A15="",COUNT(C15:E15)<3),"",IFERROR(MAX(0,FLOOR(($N$2-$N$3)/E15,1))*MAX(1,MIN(IF(G15="",1,G15),FLOOR($N$4/D15,1)))*IF(F15="",1,F15),"")) | K15: =IF(A15="","",IF(COUNTIF(DATA!$D$2:$D$500,A15)=0,"CEK SKU tidak ada di DATA",IF(COUNT(C15:E15)<3,"CEK dimensi belum lengkap",IF(OR(C15<=0,D15<=0,E15<=0),"CEK dimensi harus lebih dari 0",IF(COUNTIF($A$2:$A$500,A15)>1,"CEK SKU dobel","OK")))))
B16: =IF(A16="","",IFERROR(INDEX(DATA!$E$2:$E$500,MATCH(A16,DATA!$D$2:$D$500,0)),"")) | J16: =IF(OR(A16="",COUNT(C16:E16)<3),"",IFERROR(MAX(0,FLOOR(($N$2-$N$3)/E16,1))*MAX(1,MIN(IF(G16="",1,G16),FLOOR($N$4/D16,1)))*IF(F16="",1,F16),"")) | K16: =IF(A16="","",IF(COUNTIF(DATA!$D$2:$D$500,A16)=0,"CEK SKU tidak ada di DATA",IF(COUNT(C16:E16)<3,"CEK dimensi belum lengkap",IF(OR(C16<=0,D16<=0,E16<=0),"CEK dimensi harus lebih dari 0",IF(COUNTIF($A$2:$A$500,A16)>1,"CEK SKU dobel","OK")))))
B17: =IF(A17="","",IFERROR(INDEX(DATA!$E$2:$E$500,MATCH(A17,DATA!$D$2:$D$500,0)),"")) | J17: =IF(OR(A17="",COUNT(C17:E17)<3),"",IFERROR(MAX(0,FLOOR(($N$2-$N$3)/E17,1))*MAX(1,MIN(IF(G17="",1,G17),FLOOR($N$4/D17,1)))*IF(F17="",1,F17),"")) | K17: =IF(A17="","",IF(COUNTIF(DATA!$D$2:$D$500,A17)=0,"CEK SKU tidak ada di DATA",IF(COUNT(C17:E17)<3,"CEK dimensi belum lengkap",IF(OR(C17<=0,D17<=0,E17<=0),"CEK dimensi harus lebih dari 0",IF(COUNTIF($A$2:$A$500,A17)>1,"CEK SKU dobel","OK")))))
B18: =IF(A18="","",IFERROR(INDEX(DATA!$E$2:$E$500,MATCH(A18,DATA!$D$2:$D$500,0)),"")) | J18: =IF(OR(A18="",COUNT(C18:E18)<3),"",IFERROR(MAX(0,FLOOR(($N$2-$N$3)/E18,1))*MAX(1,MIN(IF(G18="",1,G18),FLOOR($N$4/D18,1)))*IF(F18="",1,F18),"")) | K18: =IF(A18="","",IF(COUNTIF(DATA!$D$2:$D$500,A18)=0,"CEK SKU tidak ada di DATA",IF(COUNT(C18:E18)<3,"CEK dimensi belum lengkap",IF(OR(C18<=0,D18<=0,E18<=0),"CEK dimensi harus lebih dari 0",IF(COUNTIF($A$2:$A$500,A18)>1,"CEK SKU dobel","OK")))))
B19: =IF(A19="","",IFERROR(INDEX(DATA!$E$2:$E$500,MATCH(A19,DATA!$D$2:$D$500,0)),"")) | J19: =IF(OR(A19="",COUNT(C19:E19)<3),"",IFERROR(MAX(0,FLOOR(($N$2-$N$3)/E19,1))*MAX(1,MIN(IF(G19="",1,G19),FLOOR($N$4/D19,1)))*IF(F19="",1,F19),"")) | K19: =IF(A19="","",IF(COUNTIF(DATA!$D$2:$D$500,A19)=0,"CEK SKU tidak ada di DATA",IF(COUNT(C19:E19)<3,"CEK dimensi belum lengkap",IF(OR(C19<=0,D19<=0,E19<=0),"CEK dimensi harus lebih dari 0",IF(COUNTIF($A$2:$A$500,A19)>1,"CEK SKU dobel","OK")))))
B20: =IF(A20="","",IFERROR(INDEX(DATA!$E$2:$E$500,MATCH(A20,DATA!$D$2:$D$500,0)),"")) | J20: =IF(OR(A20="",COUNT(C20:E20)<3),"",IFERROR(MAX(0,FLOOR(($N$2-$N$3)/E20,1))*MAX(1,MIN(IF(G20="",1,G20),FLOOR($N$4/D20,1)))*IF(F20="",1,F20),"")) | K20: =IF(A20="","",IF(COUNTIF(DATA!$D$2:$D$500,A20)=0,"CEK SKU tidak ada di DATA",IF(COUNT(C20:E20)<3,"CEK dimensi belum lengkap",IF(OR(C20<=0,D20<=0,E20<=0),"CEK dimensi harus lebih dari 0",IF(COUNTIF($A$2:$A$500,A20)>1,"CEK SKU dobel","OK")))))
B21: =IF(A21="","",IFERROR(INDEX(DATA!$E$2:$E$500,MATCH(A21,DATA!$D$2:$D$500,0)),"")) | J21: =IF(OR(A21="",COUNT(C21:E21)<3),"",IFERROR(MAX(0,FLOOR(($N$2-$N$3)/E21,1))*MAX(1,MIN(IF(G21="",1,G21),FLOOR($N$4/D21,1)))*IF(F21="",1,F21),"")) | K21: =IF(A21="","",IF(COUNTIF(DATA!$D$2:$D$500,A21)=0,"CEK SKU tidak ada di DATA",IF(COUNT(C21:E21)<3,"CEK dimensi belum lengkap",IF(OR(C21<=0,D21<=0,E21<=0),"CEK dimensi harus lebih dari 0",IF(COUNTIF($A$2:$A$500,A21)>1,"CEK SKU dobel","OK")))))
B22: =IF(A22="","",IFERROR(INDEX(DATA!$E$2:$E$500,MATCH(A22,DATA!$D$2:$D$500,0)),"")) | J22: =IF(OR(A22="",COUNT(C22:E22)<3),"",IFERROR(MAX(0,FLOOR(($N$2-$N$3)/E22,1))*MAX(1,MIN(IF(G22="",1,G22),FLOOR($N$4/D22,1)))*IF(F22="",1,F22),"")) | K22: =IF(A22="","",IF(COUNTIF(DATA!$D$2:$D$500,A22)=0,"CEK SKU tidak ada di DATA",IF(COUNT(C22:E22)<3,"CEK dimensi belum lengkap",IF(OR(C22<=0,D22<=0,E22<=0),"CEK dimensi harus lebih dari 0",IF(COUNTIF($A$2:$A$500,A22)>1,"CEK SKU dobel","OK")))))
B23: =IF(A23="","",IFERROR(INDEX(DATA!$E$2:$E$500,MATCH(A23,DATA!$D$2:$D$500,0)),"")) | J23: =IF(OR(A23="",COUNT(C23:E23)<3),"",IFERROR(MAX(0,FLOOR(($N$2-$N$3)/E23,1))*MAX(1,MIN(IF(G23="",1,G23),FLOOR($N$4/D23,1)))*IF(F23="",1,F23),"")) | K23: =IF(A23="","",IF(COUNTIF(DATA!$D$2:$D$500,A23)=0,"CEK SKU tidak ada di DATA",IF(COUNT(C23:E23)<3,"CEK dimensi belum lengkap",IF(OR(C23<=0,D23<=0,E23<=0),"CEK dimensi harus lebih dari 0",IF(COUNTIF($A$2:$A$500,A23)>1,"CEK SKU dobel","OK")))))
... B500: =IF(A500="","",IFERROR(INDEX(DATA!$E$2:$E$500,MATCH(A500,DATA!$D$2:$D$500,0)),"")) | J500: =IF(OR(A500="",COUNT(C500:E500)<3),"",IFERROR(MAX(0,FLOOR(($N$2-$N$3)/E500,1))*MAX(1,MIN(IF(G500="",1,G500),FLOOR($N$4/D500,1)))*IF(F500="",1,F500),"")) | K500: =IF(A500="","",IF(COUNTIF(DATA!$D$2:$D$500,A500)=0,"CEK SKU tidak ada di DATA",IF(COUNT(C500:E500)<3,"CEK dimensi belum lengkap",IF(OR(C500<=0,D500<=0,E500<=0),"CEK dimensi harus lebih dari 0",IF(COUNTIF($A$2:$A$500,A500)>1,"CEK SKU dobel","OK")))))

Sheet SAMBUNG
A1: SAMBUNGAN * | B1: KATEGORI * | C1: URUTAN * | D1: ID FIXTURE * | E1: SERIES (opsional) | F1: CATATAN (opsional) | G1: JENIS FIXTURE (otomatis) | H1: KATEGORI FIXTURE (otomatis) | I1: STATUS (otomatis)
A2: WALL-RUN-1 | B2: Wall | C2: 1 | D2: WLL-03 | F2: kosong = tampilkan semua isi fixture | G2: =IF(D2="","",IFERROR(INDEX(DAFTAR_FIXTURE!$B$2:$B$51,MATCH(D2,DAFTAR_FIXTURE!$A$2:$A$51,0)),"")) | H2: =IF(G2="","",IF(LEFT(G2,4)="Wall","Wall",IF(LEFT(G2,7)="Gondola","Gondola",IF(LEFT(G2,6)="Pallet","Pallet",IF(LEFT(G2,6)="Endcap","Endcap",""))))) | I2: =IF(A2="","",IF(D2="","CEK ID FIXTURE kosong",IF(G2="","CEK ID FIXTURE tidak ada di DAFTAR_FIXTURE",IF(H2="Endcap","CEK Endcap tidak ikut sambung",IF(H2<>B2,"CEK kategori fixture tidak sama dengan KATEGORI",IF(C2="","CEK URUTAN kosong",IF(AND(E2<>"",COUNTIFS(DATA!$I$2:$I$500,E2)=0),"CEK Series tidak ada di DATA","OK")))))))
A3: WALL-RUN-1 | B3: Wall | C3: 2 | D3: WLL-02 | G3: =IF(D3="","",IFERROR(INDEX(DAFTAR_FIXTURE!$B$2:$B$51,MATCH(D3,DAFTAR_FIXTURE!$A$2:$A$51,0)),"")) | H3: =IF(G3="","",IF(LEFT(G3,4)="Wall","Wall",IF(LEFT(G3,7)="Gondola","Gondola",IF(LEFT(G3,6)="Pallet","Pallet",IF(LEFT(G3,6)="Endcap","Endcap",""))))) | I3: =IF(A3="","",IF(D3="","CEK ID FIXTURE kosong",IF(G3="","CEK ID FIXTURE tidak ada di DAFTAR_FIXTURE",IF(H3="Endcap","CEK Endcap tidak ikut sambung",IF(H3<>B3,"CEK kategori fixture tidak sama dengan KATEGORI",IF(C3="","CEK URUTAN kosong",IF(AND(E3<>"",COUNTIFS(DATA!$I$2:$I$500,E3)=0),"CEK Series tidak ada di DATA","OK")))))))
A4: WALL-RUN-1 | B4: Wall | C4: 3 | D4: WLL-01 | G4: =IF(D4="","",IFERROR(INDEX(DAFTAR_FIXTURE!$B$2:$B$51,MATCH(D4,DAFTAR_FIXTURE!$A$2:$A$51,0)),"")) | H4: =IF(G4="","",IF(LEFT(G4,4)="Wall","Wall",IF(LEFT(G4,7)="Gondola","Gondola",IF(LEFT(G4,6)="Pallet","Pallet",IF(LEFT(G4,6)="Endcap","Endcap",""))))) | I4: =IF(A4="","",IF(D4="","CEK ID FIXTURE kosong",IF(G4="","CEK ID FIXTURE tidak ada di DAFTAR_FIXTURE",IF(H4="Endcap","CEK Endcap tidak ikut sambung",IF(H4<>B4,"CEK kategori fixture tidak sama dengan KATEGORI",IF(C4="","CEK URUTAN kosong",IF(AND(E4<>"",COUNTIFS(DATA!$I$2:$I$500,E4)=0),"CEK Series tidak ada di DATA","OK")))))))
A5: GONDOLA-RUN-1 | B5: Gondola | C5: 1 | D5: GND-04 | G5: =IF(D5="","",IFERROR(INDEX(DAFTAR_FIXTURE!$B$2:$B$51,MATCH(D5,DAFTAR_FIXTURE!$A$2:$A$51,0)),"")) | H5: =IF(G5="","",IF(LEFT(G5,4)="Wall","Wall",IF(LEFT(G5,7)="Gondola","Gondola",IF(LEFT(G5,6)="Pallet","Pallet",IF(LEFT(G5,6)="Endcap","Endcap",""))))) | I5: =IF(A5="","",IF(D5="","CEK ID FIXTURE kosong",IF(G5="","CEK ID FIXTURE tidak ada di DAFTAR_FIXTURE",IF(H5="Endcap","CEK Endcap tidak ikut sambung",IF(H5<>B5,"CEK kategori fixture tidak sama dengan KATEGORI",IF(C5="","CEK URUTAN kosong",IF(AND(E5<>"",COUNTIFS(DATA!$I$2:$I$500,E5)=0),"CEK Series tidak ada di DATA","OK")))))))
A6: GONDOLA-RUN-1 | B6: Gondola | C6: 2 | D6: GND-05 | G6: =IF(D6="","",IFERROR(INDEX(DAFTAR_FIXTURE!$B$2:$B$51,MATCH(D6,DAFTAR_FIXTURE!$A$2:$A$51,0)),"")) | H6: =IF(G6="","",IF(LEFT(G6,4)="Wall","Wall",IF(LEFT(G6,7)="Gondola","Gondola",IF(LEFT(G6,6)="Pallet","Pallet",IF(LEFT(G6,6)="Endcap","Endcap",""))))) | I6: =IF(A6="","",IF(D6="","CEK ID FIXTURE kosong",IF(G6="","CEK ID FIXTURE tidak ada di DAFTAR_FIXTURE",IF(H6="Endcap","CEK Endcap tidak ikut sambung",IF(H6<>B6,"CEK kategori fixture tidak sama dengan KATEGORI",IF(C6="","CEK URUTAN kosong",IF(AND(E6<>"",COUNTIFS(DATA!$I$2:$I$500,E6)=0),"CEK Series tidak ada di DATA","OK")))))))
A7: GONDOLA-RUN-1 | B7: Gondola | C7: 3 | D7: GND-06 | G7: =IF(D7="","",IFERROR(INDEX(DAFTAR_FIXTURE!$B$2:$B$51,MATCH(D7,DAFTAR_FIXTURE!$A$2:$A$51,0)),"")) | H7: =IF(G7="","",IF(LEFT(G7,4)="Wall","Wall",IF(LEFT(G7,7)="Gondola","Gondola",IF(LEFT(G7,6)="Pallet","Pallet",IF(LEFT(G7,6)="Endcap","Endcap",""))))) | I7: =IF(A7="","",IF(D7="","CEK ID FIXTURE kosong",IF(G7="","CEK ID FIXTURE tidak ada di DAFTAR_FIXTURE",IF(H7="Endcap","CEK Endcap tidak ikut sambung",IF(H7<>B7,"CEK kategori fixture tidak sama dengan KATEGORI",IF(C7="","CEK URUTAN kosong",IF(AND(E7<>"",COUNTIFS(DATA!$I$2:$I$500,E7)=0),"CEK Series tidak ada di DATA","OK")))))))
A8: GONDOLA-RUN-2 | B8: Gondola | C8: 1 | D8: GND-02 | E8: TANTA NYLON | F8: isi SERIES = hanya series itu yang tampil | G8: =IF(D8="","",IFERROR(INDEX(DAFTAR_FIXTURE!$B$2:$B$51,MATCH(D8,DAFTAR_FIXTURE!$A$2:$A$51,0)),"")) | H8: =IF(G8="","",IF(LEFT(G8,4)="Wall","Wall",IF(LEFT(G8,7)="Gondola","Gondola",IF(LEFT(G8,6)="Pallet","Pallet",IF(LEFT(G8,6)="Endcap","Endcap",""))))) | I8: =IF(A8="","",IF(D8="","CEK ID FIXTURE kosong",IF(G8="","CEK ID FIXTURE tidak ada di DAFTAR_FIXTURE",IF(H8="Endcap","CEK Endcap tidak ikut sambung",IF(H8<>B8,"CEK kategori fixture tidak sama dengan KATEGORI",IF(C8="","CEK URUTAN kosong",IF(AND(E8<>"",COUNTIFS(DATA!$I$2:$I$500,E8)=0),"CEK Series tidak ada di DATA","OK")))))))
A9: GONDOLA-RUN-2 | B9: Gondola | C9: 2 | D9: GND-03 | E9: TANTA S/S | G9: =IF(D9="","",IFERROR(INDEX(DAFTAR_FIXTURE!$B$2:$B$51,MATCH(D9,DAFTAR_FIXTURE!$A$2:$A$51,0)),"")) | H9: =IF(G9="","",IF(LEFT(G9,4)="Wall","Wall",IF(LEFT(G9,7)="Gondola","Gondola",IF(LEFT(G9,6)="Pallet","Pallet",IF(LEFT(G9,6)="Endcap","Endcap",""))))) | I9: =IF(A9="","",IF(D9="","CEK ID FIXTURE kosong",IF(G9="","CEK ID FIXTURE tidak ada di DAFTAR_FIXTURE",IF(H9="Endcap","CEK Endcap tidak ikut sambung",IF(H9<>B9,"CEK kategori fixture tidak sama dengan KATEGORI",IF(C9="","CEK URUTAN kosong",IF(AND(E9<>"",COUNTIFS(DATA!$I$2:$I$500,E9)=0),"CEK Series tidak ada di DATA","OK")))))))
A10: GONDOLA-RUN-2 | B10: Gondola | C10: 3 | D10: GND-01 | E10: GOLD MARBLE | G10: =IF(D10="","",IFERROR(INDEX(DAFTAR_FIXTURE!$B$2:$B$51,MATCH(D10,DAFTAR_FIXTURE!$A$2:$A$51,0)),"")) | H10: =IF(G10="","",IF(LEFT(G10,4)="Wall","Wall",IF(LEFT(G10,7)="Gondola","Gondola",IF(LEFT(G10,6)="Pallet","Pallet",IF(LEFT(G10,6)="Endcap","Endcap",""))))) | I10: =IF(A10="","",IF(D10="","CEK ID FIXTURE kosong",IF(G10="","CEK ID FIXTURE tidak ada di DAFTAR_FIXTURE",IF(H10="Endcap","CEK Endcap tidak ikut sambung",IF(H10<>B10,"CEK kategori fixture tidak sama dengan KATEGORI",IF(C10="","CEK URUTAN kosong",IF(AND(E10<>"",COUNTIFS(DATA!$I$2:$I$500,E10)=0),"CEK Series tidak ada di DATA","OK")))))))
A11: PALLET-RUN-1 | B11: Pallet | C11: 1 | D11: PLT-01 | G11: =IF(D11="","",IFERROR(INDEX(DAFTAR_FIXTURE!$B$2:$B$51,MATCH(D11,DAFTAR_FIXTURE!$A$2:$A$51,0)),"")) | H11: =IF(G11="","",IF(LEFT(G11,4)="Wall","Wall",IF(LEFT(G11,7)="Gondola","Gondola",IF(LEFT(G11,6)="Pallet","Pallet",IF(LEFT(G11,6)="Endcap","Endcap",""))))) | I11: =IF(A11="","",IF(D11="","CEK ID FIXTURE kosong",IF(G11="","CEK ID FIXTURE tidak ada di DAFTAR_FIXTURE",IF(H11="Endcap","CEK Endcap tidak ikut sambung",IF(H11<>B11,"CEK kategori fixture tidak sama dengan KATEGORI",IF(C11="","CEK URUTAN kosong",IF(AND(E11<>"",COUNTIFS(DATA!$I$2:$I$500,E11)=0),"CEK Series tidak ada di DATA","OK")))))))
A12: PALLET-RUN-1 | B12: Pallet | C12: 2 | D12: PLT-02 | G12: =IF(D12="","",IFERROR(INDEX(DAFTAR_FIXTURE!$B$2:$B$51,MATCH(D12,DAFTAR_FIXTURE!$A$2:$A$51,0)),"")) | H12: =IF(G12="","",IF(LEFT(G12,4)="Wall","Wall",IF(LEFT(G12,7)="Gondola","Gondola",IF(LEFT(G12,6)="Pallet","Pallet",IF(LEFT(G12,6)="Endcap","Endcap",""))))) | I12: =IF(A12="","",IF(D12="","CEK ID FIXTURE kosong",IF(G12="","CEK ID FIXTURE tidak ada di DAFTAR_FIXTURE",IF(H12="Endcap","CEK Endcap tidak ikut sambung",IF(H12<>B12,"CEK kategori fixture tidak sama dengan KATEGORI",IF(C12="","CEK URUTAN kosong",IF(AND(E12<>"",COUNTIFS(DATA!$I$2:$I$500,E12)=0),"CEK Series tidak ada di DATA","OK")))))))
G13: =IF(D13="","",IFERROR(INDEX(DAFTAR_FIXTURE!$B$2:$B$51,MATCH(D13,DAFTAR_FIXTURE!$A$2:$A$51,0)),"")) | H13: =IF(G13="","",IF(LEFT(G13,4)="Wall","Wall",IF(LEFT(G13,7)="Gondola","Gondola",IF(LEFT(G13,6)="Pallet","Pallet",IF(LEFT(G13,6)="Endcap","Endcap",""))))) | I13: =IF(A13="","",IF(D13="","CEK ID FIXTURE kosong",IF(G13="","CEK ID FIXTURE tidak ada di DAFTAR_FIXTURE",IF(H13="Endcap","CEK Endcap tidak ikut sambung",IF(H13<>B13,"CEK kategori fixture tidak sama dengan KATEGORI",IF(C13="","CEK URUTAN kosong",IF(AND(E13<>"",COUNTIFS(DATA!$I$2:$I$500,E13)=0),"CEK Series tidak ada di DATA","OK")))))))
G14: =IF(D14="","",IFERROR(INDEX(DAFTAR_FIXTURE!$B$2:$B$51,MATCH(D14,DAFTAR_FIXTURE!$A$2:$A$51,0)),"")) | H14: =IF(G14="","",IF(LEFT(G14,4)="Wall","Wall",IF(LEFT(G14,7)="Gondola","Gondola",IF(LEFT(G14,6)="Pallet","Pallet",IF(LEFT(G14,6)="Endcap","Endcap",""))))) | I14: =IF(A14="","",IF(D14="","CEK ID FIXTURE kosong",IF(G14="","CEK ID FIXTURE tidak ada di DAFTAR_FIXTURE",IF(H14="Endcap","CEK Endcap tidak ikut sambung",IF(H14<>B14,"CEK kategori fixture tidak sama dengan KATEGORI",IF(C14="","CEK URUTAN kosong",IF(AND(E14<>"",COUNTIFS(DATA!$I$2:$I$500,E14)=0),"CEK Series tidak ada di DATA","OK")))))))
G15: =IF(D15="","",IFERROR(INDEX(DAFTAR_FIXTURE!$B$2:$B$51,MATCH(D15,DAFTAR_FIXTURE!$A$2:$A$51,0)),"")) | H15: =IF(G15="","",IF(LEFT(G15,4)="Wall","Wall",IF(LEFT(G15,7)="Gondola","Gondola",IF(LEFT(G15,6)="Pallet","Pallet",IF(LEFT(G15,6)="Endcap","Endcap",""))))) | I15: =IF(A15="","",IF(D15="","CEK ID FIXTURE kosong",IF(G15="","CEK ID FIXTURE tidak ada di DAFTAR_FIXTURE",IF(H15="Endcap","CEK Endcap tidak ikut sambung",IF(H15<>B15,"CEK kategori fixture tidak sama dengan KATEGORI",IF(C15="","CEK URUTAN kosong",IF(AND(E15<>"",COUNTIFS(DATA!$I$2:$I$500,E15)=0),"CEK Series tidak ada di DATA","OK")))))))
G16: =IF(D16="","",IFERROR(INDEX(DAFTAR_FIXTURE!$B$2:$B$51,MATCH(D16,DAFTAR_FIXTURE!$A$2:$A$51,0)),"")) | H16: =IF(G16="","",IF(LEFT(G16,4)="Wall","Wall",IF(LEFT(G16,7)="Gondola","Gondola",IF(LEFT(G16,6)="Pallet","Pallet",IF(LEFT(G16,6)="Endcap","Endcap",""))))) | I16: =IF(A16="","",IF(D16="","CEK ID FIXTURE kosong",IF(G16="","CEK ID FIXTURE tidak ada di DAFTAR_FIXTURE",IF(H16="Endcap","CEK Endcap tidak ikut sambung",IF(H16<>B16,"CEK kategori fixture tidak sama dengan KATEGORI",IF(C16="","CEK URUTAN kosong",IF(AND(E16<>"",COUNTIFS(DATA!$I$2:$I$500,E16)=0),"CEK Series tidak ada di DATA","OK")))))))
G17: =IF(D17="","",IFERROR(INDEX(DAFTAR_FIXTURE!$B$2:$B$51,MATCH(D17,DAFTAR_FIXTURE!$A$2:$A$51,0)),"")) | H17: =IF(G17="","",IF(LEFT(G17,4)="Wall","Wall",IF(LEFT(G17,7)="Gondola","Gondola",IF(LEFT(G17,6)="Pallet","Pallet",IF(LEFT(G17,6)="Endcap","Endcap",""))))) | I17: =IF(A17="","",IF(D17="","CEK ID FIXTURE kosong",IF(G17="","CEK ID FIXTURE tidak ada di DAFTAR_FIXTURE",IF(H17="Endcap","CEK Endcap tidak ikut sambung",IF(H17<>B17,"CEK kategori fixture tidak sama dengan KATEGORI",IF(C17="","CEK URUTAN kosong",IF(AND(E17<>"",COUNTIFS(DATA!$I$2:$I$500,E17)=0),"CEK Series tidak ada di DATA","OK")))))))
G18: =IF(D18="","",IFERROR(INDEX(DAFTAR_FIXTURE!$B$2:$B$51,MATCH(D18,DAFTAR_FIXTURE!$A$2:$A$51,0)),"")) | H18: =IF(G18="","",IF(LEFT(G18,4)="Wall","Wall",IF(LEFT(G18,7)="Gondola","Gondola",IF(LEFT(G18,6)="Pallet","Pallet",IF(LEFT(G18,6)="Endcap","Endcap",""))))) | I18: =IF(A18="","",IF(D18="","CEK ID FIXTURE kosong",IF(G18="","CEK ID FIXTURE tidak ada di DAFTAR_FIXTURE",IF(H18="Endcap","CEK Endcap tidak ikut sambung",IF(H18<>B18,"CEK kategori fixture tidak sama dengan KATEGORI",IF(C18="","CEK URUTAN kosong",IF(AND(E18<>"",COUNTIFS(DATA!$I$2:$I$500,E18)=0),"CEK Series tidak ada di DATA","OK")))))))
G19: =IF(D19="","",IFERROR(INDEX(DAFTAR_FIXTURE!$B$2:$B$51,MATCH(D19,DAFTAR_FIXTURE!$A$2:$A$51,0)),"")) | H19: =IF(G19="","",IF(LEFT(G19,4)="Wall","Wall",IF(LEFT(G19,7)="Gondola","Gondola",IF(LEFT(G19,6)="Pallet","Pallet",IF(LEFT(G19,6)="Endcap","Endcap",""))))) | I19: =IF(A19="","",IF(D19="","CEK ID FIXTURE kosong",IF(G19="","CEK ID FIXTURE tidak ada di DAFTAR_FIXTURE",IF(H19="Endcap","CEK Endcap tidak ikut sambung",IF(H19<>B19,"CEK kategori fixture tidak sama dengan KATEGORI",IF(C19="","CEK URUTAN kosong",IF(AND(E19<>"",COUNTIFS(DATA!$I$2:$I$500,E19)=0),"CEK Series tidak ada di DATA","OK")))))))
G20: =IF(D20="","",IFERROR(INDEX(DAFTAR_FIXTURE!$B$2:$B$51,MATCH(D20,DAFTAR_FIXTURE!$A$2:$A$51,0)),"")) | H20: =IF(G20="","",IF(LEFT(G20,4)="Wall","Wall",IF(LEFT(G20,7)="Gondola","Gondola",IF(LEFT(G20,6)="Pallet","Pallet",IF(LEFT(G20,6)="Endcap","Endcap",""))))) | I20: =IF(A20="","",IF(D20="","CEK ID FIXTURE kosong",IF(G20="","CEK ID FIXTURE tidak ada di DAFTAR_FIXTURE",IF(H20="Endcap","CEK Endcap tidak ikut sambung",IF(H20<>B20,"CEK kategori fixture tidak sama dengan KATEGORI",IF(C20="","CEK URUTAN kosong",IF(AND(E20<>"",COUNTIFS(DATA!$I$2:$I$500,E20)=0),"CEK Series tidak ada di DATA","OK")))))))
G21: =IF(D21="","",IFERROR(INDEX(DAFTAR_FIXTURE!$B$2:$B$51,MATCH(D21,DAFTAR_FIXTURE!$A$2:$A$51,0)),"")) | H21: =IF(G21="","",IF(LEFT(G21,4)="Wall","Wall",IF(LEFT(G21,7)="Gondola","Gondola",IF(LEFT(G21,6)="Pallet","Pallet",IF(LEFT(G21,6)="Endcap","Endcap",""))))) | I21: =IF(A21="","",IF(D21="","CEK ID FIXTURE kosong",IF(G21="","CEK ID FIXTURE tidak ada di DAFTAR_FIXTURE",IF(H21="Endcap","CEK Endcap tidak ikut sambung",IF(H21<>B21,"CEK kategori fixture tidak sama dengan KATEGORI",IF(C21="","CEK URUTAN kosong",IF(AND(E21<>"",COUNTIFS(DATA!$I$2:$I$500,E21)=0),"CEK Series tidak ada di DATA","OK")))))))
G22: =IF(D22="","",IFERROR(INDEX(DAFTAR_FIXTURE!$B$2:$B$51,MATCH(D22,DAFTAR_FIXTURE!$A$2:$A$51,0)),"")) | H22: =IF(G22="","",IF(LEFT(G22,4)="Wall","Wall",IF(LEFT(G22,7)="Gondola","Gondola",IF(LEFT(G22,6)="Pallet","Pallet",IF(LEFT(G22,6)="Endcap","Endcap",""))))) | I22: =IF(A22="","",IF(D22="","CEK ID FIXTURE kosong",IF(G22="","CEK ID FIXTURE tidak ada di DAFTAR_FIXTURE",IF(H22="Endcap","CEK Endcap tidak ikut sambung",IF(H22<>B22,"CEK kategori fixture tidak sama dengan KATEGORI",IF(C22="","CEK URUTAN kosong",IF(AND(E22<>"",COUNTIFS(DATA!$I$2:$I$500,E22)=0),"CEK Series tidak ada di DATA","OK")))))))
G23: =IF(D23="","",IFERROR(INDEX(DAFTAR_FIXTURE!$B$2:$B$51,MATCH(D23,DAFTAR_FIXTURE!$A$2:$A$51,0)),"")) | H23: =IF(G23="","",IF(LEFT(G23,4)="Wall","Wall",IF(LEFT(G23,7)="Gondola","Gondola",IF(LEFT(G23,6)="Pallet","Pallet",IF(LEFT(G23,6)="Endcap","Endcap",""))))) | I23: =IF(A23="","",IF(D23="","CEK ID FIXTURE kosong",IF(G23="","CEK ID FIXTURE tidak ada di DAFTAR_FIXTURE",IF(H23="Endcap","CEK Endcap tidak ikut sambung",IF(H23<>B23,"CEK kategori fixture tidak sama dengan KATEGORI",IF(C23="","CEK URUTAN kosong",IF(AND(E23<>"",COUNTIFS(DATA!$I$2:$I$500,E23)=0),"CEK Series tidak ada di DATA","OK")))))))
G24: =IF(D24="","",IFERROR(INDEX(DAFTAR_FIXTURE!$B$2:$B$51,MATCH(D24,DAFTAR_FIXTURE!$A$2:$A$51,0)),"")) | H24: =IF(G24="","",IF(LEFT(G24,4)="Wall","Wall",IF(LEFT(G24,7)="Gondola","Gondola",IF(LEFT(G24,6)="Pallet","Pallet",IF(LEFT(G24,6)="Endcap","Endcap",""))))) | I24: =IF(A24="","",IF(D24="","CEK ID FIXTURE kosong",IF(G24="","CEK ID FIXTURE tidak ada di DAFTAR_FIXTURE",IF(H24="Endcap","CEK Endcap tidak ikut sambung",IF(H24<>B24,"CEK kategori fixture tidak sama dengan KATEGORI",IF(C24="","CEK URUTAN kosong",IF(AND(E24<>"",COUNTIFS(DATA!$I$2:$I$500,E24)=0),"CEK Series tidak ada di DATA","OK")))))))
... G200: =IF(D200="","",IFERROR(INDEX(DAFTAR_FIXTURE!$B$2:$B$51,MATCH(D200,DAFTAR_FIXTURE!$A$2:$A$51,0)),"")) | H200: =IF(G200="","",IF(LEFT(G200,4)="Wall","Wall",IF(LEFT(G200,7)="Gondola","Gondola",IF(LEFT(G200,6)="Pallet","Pallet",IF(LEFT(G200,6)="Endcap","Endcap",""))))) | I200: =IF(A200="","",IF(D200="","CEK ID FIXTURE kosong",IF(G200="","CEK ID FIXTURE tidak ada di DAFTAR_FIXTURE",IF(H200="Endcap","CEK Endcap tidak ikut sambung",IF(H200<>B200,"CEK kategori fixture tidak sama dengan KATEGORI",IF(C200="","CEK URUTAN kosong",IF(AND(E200<>"",COUNTIFS(DATA!$I$2:$I$500,E200)=0),"CEK Series tidak ada di DATA","OK")))))))

Sheet DAFTAR_FIXTURE
A1: id_fixture | B1: jenis_fixture | C1: keterangan (opsional: toko / lokasi) | E1: ID di sini muncul sebagai dropdown di sheet DATA (sampai baris 51). Tiap ID harus unik.
A2: WLL-01 | B2: Wall 6 Rack
A3: WLL-02 | B3: Wall 5 Rack
A4: WLL-03 | B4: Wall 3 Rack + 2 Gantungan
A5: GND-01 | B5: Gondola 4 Rack
A6: GND-02 | B6: Gondola Full Gantungan
A7: GND-03 | B7: Gondola 1 Rack + 3 Gantungan
A8: END-01 | B8: Endcap 4 Rack
A9: PLT-01 | B9: Pallet 90x90
A10: GND-04 | B10: Gondola 3 Rack
A11: GND-05 | B11: Gondola 2 Rack + 2 Gantungan
A12: GND-06 | B12: Gondola 3 Rack + 1 Gantungan
A13: END-02 | B13: Endcap 3 Rack
A14: PLT-02 | B14: Pallet 90x90

Sheet LAYOUT
A1: jenis_fixture | B1: ukuran_LxDxT_cm | C1: zona_no | D1: jenis_zona_seharusnya | E1: kunci
A2: Wall 6 Rack | B2: 120x50x270 / 120x50x240 | C2: 1 | D2: Rak | E2: =A2&"|"&C2
A3: Wall 6 Rack | B3: 120x50x270 / 120x50x240 | C3: 2 | D3: Rak | E3: =A3&"|"&C3
A4: Wall 6 Rack | B4: 120x50x270 / 120x50x240 | C4: 3 | D4: Rak | E4: =A4&"|"&C4
A5: Wall 6 Rack | B5: 120x50x270 / 120x50x240 | C5: 4 | D5: Rak | E5: =A5&"|"&C5
A6: Wall 6 Rack | B6: 120x50x270 / 120x50x240 | C6: 5 | D6: Rak | E6: =A6&"|"&C6
A7: Wall 6 Rack | B7: 120x50x270 / 120x50x240 | C7: 6 | D7: Rak | E7: =A7&"|"&C7
A8: Wall 5 Rack | B8: 120x50x270 / 120x50x240 | C8: 1 | D8: Rak | E8: =A8&"|"&C8
A9: Wall 5 Rack | B9: 120x50x270 / 120x50x240 | C9: 2 | D9: Rak | E9: =A9&"|"&C9
A10: Wall 5 Rack | B10: 120x50x270 / 120x50x240 | C10: 3 | D10: Rak | E10: =A10&"|"&C10
A11: Wall 5 Rack | B11: 120x50x270 / 120x50x240 | C11: 4 | D11: Rak | E11: =A11&"|"&C11
A12: Wall 5 Rack | B12: 120x50x270 / 120x50x240 | C12: 5 | D12: Rak | E12: =A12&"|"&C12
A13: Wall 3 Rack + 2 Gantungan | B13: 120x50x270 / 120x50x240 | C13: 1 | D13: Gantungan | E13: =A13&"|"&C13
... A48: Gondola 3 Rack + 1 Gantungan | B48: 120x50x150 | C48: 4 | D48: Gantungan | E48: =A48&"|"&C48
A50: Sheet ini referensi (jangan diubah). Zona dihitung dari atas ke bawah.
